Jackie	Wolfe
Jodi	Gray
Samuel	Clarke
Edgar	Guzman
Clarence	Barnett
Bernard	Haynes
Carolyn	Henry
Irving	Brooks
Lydia	Thomas
Ignacio	Carpenter
Sidney	Tyler
Mario	Mcgee
Michele	Quinn
Irma	Henderson
Edna	Ryan
Genevieve	Banks
Wayne	Vasquez
Clara	Klein
Salvatore	Pena
Saul	Mitchell
Debra	Massey
Sheldon	Matthews
Natalie	Warren
Nicole	Campbell
Pearl	Nichols
Oliver	Richardson
Johanna	Austin
Cameron	Armstrong
Guy	Shaw
Angelina	Blair
Jan	Harper
Miranda	Harvey
Virgil	Colon
Bob	Ramirez
Johnnie	Patrick
Muriel	Warner
Scott	Bates
Jeanne	Hardy
Casey	Bennett
Leroy	Pittman
Floyd	Riley
Freddie	Rhodes
Christy	Rios
Alex	Marsh
Harriet	Holt
Shelly	Mccoy
Morris	Tucker
Wade	Woods
Derek	Park
Otis	Garcia
Dolores	Daniel
Cheryl	Cortez
Ivan	Dixon
Dianne	Palmer
Rudolph	Jacobs
Ernest	Jennings
Sherry	Cruz
Robert	Wade
Allen	Moore
Daryl	Herrera
Laurence	Perkins
Silvia	Elliott
Sharon	Flowers
Gordon	Bowers
Rosa	Schwartz
Phil	Floyd
Chad	Ferguson
Cora	Hernandez
Marion	Lewis
Tara	Carr
Beth	Horton
Cory	Green
Pedro	Gordon
Seth	Snyder
Lonnie	Parker
Penny	Walton
Victoria	Terry
Keith	Hanson
Ruby	Fisher
Dave	Byrd
Tammy	Miller
Diane	Neal
Lynne	Adams
Marion	Cobb
Marshall	Lowe
Hubert	Garrett
Ethel	Joseph
Christian	Norris
Max	Hunt
Leslie	Pratt
Angelo	Lloyd
Arturo	Scott
Kristina	Castro
Charles	Powell
Verna	Meyer
Elvira	Sutton
Jordan	Ingram
April	Roberts
Carlton	Frank
Kristopher	Reynolds
Kristy	Chambers
Jodi	Elliott
Rex	Paul
Dolores	Summers
Jeanette	Frazier
Ida	Burke
Anna	Brewer
Arnold	Lowe
Jeanne	Bowen
Myron	Wallace
Nick	Potter
Naomi	Perry
Eugene	King
Boyd	Kelley
Janet	Banks
Velma	Patterson
Rickey	Hanson
Wendy	Massey
Bernice	Vargas
Kelly	Hubbard
Jessie	Flores
Whitney	Walker
Jan	Walsh
Terry	Allison
Tomas	Lambert
Betsy	Webster
Johnny	Martin
Luke	Mitchell
Lois	Crawford
Jeremy	Moore
Henry	Burgess
Rogelio	Grant
Hattie	Maldonado
Gustavo	Castillo
Irma	Jordan
Eula	Wilkerson
Muriel	Boyd
Noah	Black
Carol	Collier
Ivan	Walters
Tyrone	Mcdaniel
April	Phelps
Ebony	Gross
Jane	Green
Derek	Schwartz
Norman	Klein
Nora	Brady
Sue	Jenkins
Allen	Jennings
Dana	Hardy
Christopher	Reyes
Ryan	Morrison
Gayle	Knight
Olivia	Curry
Dana	Shaw
Kurt	Haynes
Harriet	Long
Leticia	Jimenez
Anita	Morgan
Fred	Mendez
Ismael	Abbott
Shelley	Zimmerman
Lora	Day
Lynn	Huff
Marie	Burton
Keith	Meyer
Pauline	Colon
Curtis	Dixon
Mae	Welch
Edgar	Valdez
Mildred	Hansen
Glenda	Estrada
Orlando	Boone
Cornelius	West
Audrey	Diaz
Amelia	Newman
Ruby	Mack
Francis	Santos
Frederick	Houston
Lamar	Lucas
Nadine	Berry
Leonard	Gregory
Jeffery	White
Daisy	Wong
Juana	Shelton
Otis	Barnes
Dora	Stone
Jonathon	Jefferson
Minnie	Sparks
Kent	Wilson
Melanie	Moreno
Josephine	Matthews
Floyd	Pope
Bobbie	Hayes
Melba	Graham
Tasha	Lyons
Adam	Griffith
Lonnie	Silva
Cary	Holt
Bethany	Barrett
Darren	Manning
Carol	Adams
Sheri	Benson
Ollie	Little
Ted	Mcbride
Isabel	Dixon
Clara	Castro
Jacquelyn	Gibson
Dana	Lawson
Ignacio	Paul
Lynn	Curtis
Antoinette	Murphy
Lois	Butler
Ramon	Nunez
Leland	Rivera
Pamela	Hudson
Glenn	Fox
Julio	Roy
Jerome	Cannon
Kristine	Ellis
Blake	Wheeler
Kim	Collins
Willie	Patrick
Eric	Gilbert
Diana	Wagner
Constance	Boone
Fred	Stevens
James	Colon
Gladys	Wells
Kelley	Floyd
Anne	Alexander
Ervin	Coleman
Tyler	Graham
Cora	Moore
Lena	Mullins
Darin	Hampton
Lloyd	Mann
Ellen	Pratt
Brad	Ruiz
Marguerite	Parsons
Rafael	Williams
Travis	Clayton
Morris	Ryan
Lola	Brock
Tasha	Moreno
Teri	Lyons
Tammy	Neal
Viola	Curry
Douglas	Hanson
Ramona	Chambers
Velma	Henry
Marshall	Mendoza
Danny	Figueroa
Karla	Silva
Conrad	Porter
Monique	Marsh
Damon	Soto
Billie	Davis
Pablo	Sullivan
Marcia	Roberts
Inez	Schneider
Jamie	Drake
Theodore	Matthews
Dorothy	Armstrong
Nicole	Schwartz
Luz	Barnett
Joy	Maxwell
Henrietta	Bowman
Steve	Newman
Brendan	Blake
Victor	Grant
Spencer	Rodriguez
Stuart	Sherman
Karen	Ortiz
Carl	Bass
Tommie	Lambert
Lionel	Taylor
Joey	Patterson
Tabitha	Powell
Kara	Buchanan
Hugo	Rose
Anthony	Lee
Moses	Doyle
Lisa	Watts
David	Diaz
Celia	Reyes
Eula	Watson
Elizabeth	Garner
Frederick	Gross
Jimmy	Lane
Tonya	Moody
Terry	Williamson
Jennifer	Burns
Lydia	Moss
Bob	French
Joan	Ball
Vanessa	Wolfe
Simon	Gregory
Darrell	Hubbard
Mary	Norris
Joann	Silva
Wilson	Ross
Ricky	Palmer
Marsha	Thompson
Sophie	Cox
Marion	Lawson
Allen	Stanley
Darin	Logan
Cory	Lowe
Jessie	Schwartz
Marjorie	Barnett
Ruby	Day
Holly	Massey
Lillian	Blair
Barry	Stokes
Katrina	Mack
Laura	Frazier
Maureen	Hines
Betty	Baker
Candice	Perry
Lorena	Ray
Justin	Montgomery
Jody	Knight
Herman	Duncan
Joey	Klein
Casey	Sanders
Brendan	Matthews
Amber	Daniel
Beulah	Harvey
Van	Morris
Sylvia	Hawkins
Eloise	Herrera
Rudolph	Gonzalez
Lorene	Walker
Erica	Chambers
Adrienne	Johnston
Ignacio	Reeves
Glenda	Osborne
Wade	Burns
Maggie	Bryant
Benny	Burgess
Sandy	Harrington
Damon	Hardy
Samantha	Buchanan
Monique	Woods
Walter	Patterson
Karla	Santos
Darrin	Willis
Kristy	Carr
Edmund	Brewer
Jeanette	Blake
Cecelia	Allison
Eugene	Oliver
Yolanda	Farmer
Forrest	Kelly
Bonnie	Carter
Lindsey	Roberts
Todd	Snyder
Jon	Burton
Jennifer	Lucas
Caroline	Rivera
June	Ortiz
Kerry	Mcguire
Colleen	Pena
Allan	Cooper
Brittany	Watson
Geraldine	Wheeler
Marshall	Copeland
Annie	Webb
Louis	Higgins
Tracey	Turner
Leo	Mcbride
Rhonda	Hunt
Rafael	Beck
Vanessa	Neal
Laurie	Coleman
Ken	Floyd
Dwayne	Collier
Bert	Lloyd
Irvin	Fuller
Leslie	Page
Joshua	Briggs
Doyle	Dennis
Marta	Morrison
Alyssa	Bridges
Candace	Bell
Verna	Frank
Garrett	Ramos
Fred	Mann
Mae	Vargas
Vivian	Fox
Harold	Howard
Anthony	Larson
Natasha	Stone
Kelvin	Tyler
Clifford	Miles
Lester	Walsh
Tasha	Nichols
Bobby	Tate
Erma	Jennings
Vanessa	Moody
Pam	Luna
Roy	Armstrong
Guillermo	Arnold
Karl	White
Clint	Perkins
Clinton	Mendoza
Annette	Alvarado
Malcolm	Clark
Abel	Blake
Edwin	Martinez
Amanda	Stephens
Brandon	Schultz
Todd	Roberson
Gustavo	Swanson
Terence	Becker
Geneva	Martin
Shannon	Myers
Lloyd	Rogers
Deborah	Jacobs
Francis	Santiago
Ashley	Santos
Mandy	Shelton
Erika	Mullins
Angel	Bass
Olga	Hart
Meghan	Mason
Charles	Gibbs
Stuart	Benson
Eva	Castro
Marion	Cohen
Jan	Summers
Earl	Hubbard
Corey	Wise
Alexis	Barton
Beverly	Lopez
Ellen	Yates
Esther	Lane
Anita	Jones
Jamie	Salazar
Sheila	Reynolds
Winifred	Hammond
Cora	Underwood
Rita	Johnston
Silvia	Neal
Monica	Young
Beatrice	Lucas
Leslie	Lamb
Jared	Vasquez
Archie	Stevenson
Randall	Wong
Nadine	Kelley
Marcia	Bowman
Pauline	Payne
Veronica	Tucker
Samuel	Lawrence
Meredith	Ballard
Freda	Dean
Paula	Vargas
Ismael	Spencer
Guy	Schmidt
Irving	Barker
Josh	Gutierrez
Rhonda	Powell
Leigh	Casey
Rene	Franklin
Doug	Reed
Myra	Phillips
Ross	Greer
Laverne	Sharp
Kim	Carson
Derek	Hampton
Lula	Potter
Luis	Fleming
Kathryn	Bailey
Sandra	Allen
Sean	Hill
Doyle	Andrews
Sherry	Kennedy
Jimmy	Drake
Jessie	Mathis
Martin	Norris
Derrick	Mcgee
Sheryl	Gordon
Robin	Roberts
Rochelle	Reeves
Sabrina	Wells
Ernestine	Jordan
Ora	Soto
Barbara	Ross
Roman	Garza
Amy	Lewis
Ernesto	Daniel
Sandy	Poole
Russell	Hamilton
Desiree	Stone
Gloria	Hunter
Wayne	Silva
Lindsey	Curry
Cory	Barnes
Craig	Clarke
Nathan	Silva
Sharon	Wong
Louise	Castro
Lynda	Farmer
Dora	Oliver
Kurt	Goodman
Simon	Carroll
Janice	Garrett
Lydia	Grant
Bernice	Marsh
Claude	Guzman
Guadalupe	Howell
Connie	Park
Justin	Rice
Sophia	Fernandez
Garrett	Burns
Hector	Palmer
Valerie	Craig
Forrest	Phelps
Holly	Murphy
Roxanne	Simon
Earnest	Hudson
Jared	Walker
Cindy	Burton
Rick	Ellis
Jaime	Norman
Mary	Swanson
Sarah	Page
Francisco	Houston
Kristopher	Fitzgerald
Mark	Adkins
Alma	Baker
Steven	Griffin
Roberto	Clark
Inez	Nichols
Georgia	Henderson
Geneva	Jackson
Chester	Peters
Kerry	King
Clint	Wilson
Herbert	Wright
Della	Fields
Salvador	Becker
Kristina	Mclaughlin
Irma	Roy
Casey	Newton
Chad	Carr
Annie	Benson
Clifton	Moss
Frances	Padilla
Vincent	Dennis
Stephanie	Klein
Melissa	Vaughn
Gordon	Potter
Rebecca	Marshall
Lindsay	Kennedy
Herman	Wallace
Brendan	Hodges
Laurie	Medina
Gerald	Ray
Natalie	Webb
Felix	Price
Marty	Jennings
Ramiro	Newman
Austin	Hoffman
Francis	Larson
Essie	Rios
Brandy	Barton
Melody	Bates
Jose	Thompson
Jean	Holland
Tracy	Davidson
Victoria	Lucas
Marcus	Ford
Ida	Reese
Jessie	Ramos
Iris	Pratt
Christian	Greer
Samantha	Tran
Sandy	Pierce
Lila	Maxwell
Timothy	Hardy
Katie	Saunders
Angelina	Francis
Hannah	Mccarthy
Edna	Munoz
Emilio	Tyler
Terri	Reynolds
Joey	Lopez
Shannon	Hampton
Beverly	Ballard
Shelly	Montgomery
Hubert	Daniel
Kelly	Manning
Bryan	Simpson
Agnes	Vasquez
Bob	Bradley
Leigh	Howard
Samuel	Elliott
Wm	Bailey
Tasha	Lambert
Lorena	Bishop
Vicky	Owens
Shari	Adkins
Tommie	Bowman
Ed	Castro
Brittany	Marshall
Percy	Roy
Abraham	Santiago
Faye	Harvey
Albert	Mccarthy
Erin	Wells
Kim	Fowler
Jana	Banks
Miranda	Roberson
Sharon	Mann
Bonnie	Byrd
Shelia	Young
Alex	Saunders
Kristine	Fuller
Tony	Blair
Kelley	Sutton
Jimmy	Caldwell
Dixie	Estrada
Clifford	Garrett
Denise	Fleming
Rochelle	Bridges
Meghan	Ortiz
Lloyd	Reeves
Elvira	Ross
Myra	Silva
Carol	Carr
Jerald	Lane
Andy	Wilson
Joanne	Frank
Hugh	Garcia
Lindsay	Santos
Kate	Mendez
Levi	French
Loren	Copeland
Helen	Montgomery
Clark	Little
Elena	Jennings
Natalie	Gibson
Chris	Walton
Joey	Bennett
Lisa	Kennedy
Emilio	Munoz
Gordon	Yates
Stanley	Carroll
Claire	Ramos
Forrest	Hudson
Floyd	Kelley
Angelina	Reynolds
Charlie	Hodges
Virginia	Day
Clyde	Wilkerson
Victoria	Pratt
Mitchell	Simon
Rodolfo	Woods
Byron	Mullins
Jody	Davidson
Barry	Foster
Charlene	Hubbard
Jeffrey	Morton
Constance	Clark
George	Holmes
Don	Elliott
Gwen	Moody
Howard	Gregory
Ethel	Drake
Tanya	Mccoy
Diana	Brown
Francis	Hogan
Delores	Christensen
Lynne	Love
Wilbur	Kelly
Mary	Graves
Lucia	Bowen
Corey	Gonzales
Cary	Allen
Devin	Mason
Luis	Ingram
Lyle	Hansen
Enrique	Moss
Audrey	Evans
May	Daniels
Eloise	Gomez
Shawn	Mclaughlin
Ralph	Nelson
Ronnie	Ellis
Bernice	Clarke
Heidi	Wagner
Beth	Richards
Danny	Clayton
Jeffery	Schneider
Victor	Carpenter
Ashley	Fields
Bruce	Hamilton
Merle	Greene
Hazel	Pope
Kathryn	Parsons
Eula	Ingram
Vicky	Stone
Daniel	Shelton
Johnathan	Terry
Wallace	Jenkins
Herman	Baker
Brad	Cunningham
Ted	Townsend
Orville	Douglas
Ricky	Oliver
Kendra	Johnson
Marlon	Harvey
Nadine	Paul
Billie	Harper
Saul	Fletcher
Catherine	Young
Pat	Schmidt
Viola	Frazier
Trevor	Ward
Elisa	Clark
Rochelle	Hopkins
Amos	Bridges
Hilda	Howell
Frankie	Mullins
Ed	Tucker
Daryl	Fuller
Della	Horton
Pauline	Smith
Cristina	Payne
Candice	Richards
Loren	Fleming
Brenda	Higgins
Timothy	Sutton
Laurie	Bass
Frederick	Ramirez
Annette	Dixon
Joel	Brooks
Marion	Turner
Gerald	Bell
Irene	Matthews
Lindsey	Walters
Ellis	Mclaughlin
Theodore	Copeland
Camille	Jimenez
Ira	Mcgee
Jake	Ortega
Frances	Bishop
Gayle	Potter
Angel	Brock
Karla	Francis
Bruce	Benson
Neil	Blair
Desiree	Valdez
Roland	Cross
Lena	Owens
Owen	Maxwell
Courtney	Goodman
Blanca	Fields
Tasha	Joseph
Ginger	Ortiz
Levi	Clayton
Sheila	Kelley
Eugene	Marshall
Jill	Cobb
Olga	Guzman
Shawna	Gordon
Johnnie	Powell
Kelli	Franklin
Pedro	Owen
Heather	Patterson
Carl	Ferguson
Julio	Allison
Lora	Peters
Lillian	Hicks
Otis	Harmon
Derrick	Russell
Casey	Wheeler
Krystal	Swanson
Adrian	Caldwell
Sonya	Hoffman
Dwayne	Neal
Felicia	Klein
Tina	Anderson
Joey	Soto
Lori	Day
Cedric	Massey
Dustin	Rios
Debbie	Willis
Lynn	Blake
Donald	Mason
Tommie	Nguyen
Jimmie	Reed
Pablo	White
Tyrone	Little
Geoffrey	Fernandez
Kirk	Rogers
Kayla	Mccarthy
Pam	Vargas
Ed	Paul
Guadalupe	Taylor
Jane	Mckenzie
Tom	Robinson
Becky	Mack
Sonia	Warren
Ervin	Nunez
Shelia	Price
Ira	Becker
Edith	Castro
Rudolph	Stanley
Vickie	Olson
Enrique	Coleman
Alvin	Bradley
Paula	Nichols
Jimmie	Dunn
Silvia	Haynes
Esther	Clarke
Thomas	Brewer
Allan	Hughes
Jorge	Miller
Fannie	Jackson
Trevor	Burgess
Jack	Singleton
Jeremiah	Jones
Dexter	Jordan
Jermaine	Brooks
Mindy	Cohen
Bryant	Kim
Helen	Neal
Carrie	Perry
Kara	Reynolds
Hugh	Day
Alonzo	Collier
Kari	Moran
Gene	Malone
Erik	Washington
Wendell	Waters
Sherri	Butler
Jeannette	Mcgee
Bradley	Ryan
Van	Bowman
Kerry	Schwartz
Antonio	Reese
Veronica	Christensen
Naomi	Fernandez
Cody	Cox
Julian	Blair
George	Martinez
Travis	Hart
Ramiro	Cross
Christie	Pratt
Alexander	Carr
Fred	Blake
Darrin	Tran
Pat	Glover
Shelly	Owen
Daryl	Alvarado
Charlie	Knight
Terri	Porter
Ross	James
Leona	Barber
Toni	Quinn
Sonya	Riley
Shelley	Frazier
Constance	West
Alexandra	Stevenson
Rosemary	Garza
Rick	Harris
Ivan	Banks
Jerome	Matthews
Antonia	Ross
Everett	Hoffman
Michele	Montgomery
Shane	Gross
Bobbie	Morgan
Peggy	Watkins
Billie	Boyd
Martha	Poole
Jean	Simmons
Mike	Doyle
Geneva	Roberson
Angelina	Gonzalez
Frances	Alexander
Rodney	Scott
Jacquelyn	Cortez
Lori	Webster
Kenny	Moody
Max	Franklin
Bernice	Long
Miranda	Sharp
Charlene	Lee
Pauline	Colon
Tracy	Bell
Misty	Perez
Rene	Sanchez
Alexis	Todd
Wilfred	Maxwell
Eric	Bryant
Rudy	Walsh
Holly	Wise
Jennifer	Glover
Gwen	Mccoy
Nancy	Ball
Mae	Luna
Gabriel	Freeman
Edgar	Vega
Rosie	Mendoza
Bryant	Valdez
Margarita	Hudson
Natalie	Tyler
Cameron	Gibbs
Alvin	Rios
Teresa	Martinez
Dianne	Graham
Leon	Thompson
Everett	Gross
Ruby	Pearson
Aaron	Vaughn
Adam	Ford
Wade	Sandoval
Perry	Knight
Christy	Barton
Willard	Gill
Elvira	Morrison
Penny	Brady
Alicia	Gray
Tracy	Estrada
Max	Pierce
Dale	Simon
Felicia	Rhodes
Darrel	Little
Sylvia	Garrett
Angelina	Hernandez
Kenneth	Herrera
Larry	Gomez
Gilbert	Owen
Delores	Alvarez
Betsy	Fitzgerald
Bruce	Douglas
Eddie	Mason
Danny	Washington
Alma	Padilla
Janice	Russell
Clint	Higgins
Shannon	Reynolds
Wm	Wong
Darnell	Morales
Jon	Hunter
Lydia	Paul
Ramona	Barrett
Lee	Campbell
Angela	Hill
Alexis	Vargas
Leslie	Logan
Terri	Davidson
Vicky	Hines
Alfredo	Hogan
Robert	Stanley
Marcos	Daniel
Cristina	Kelly
Becky	Cook
Regina	Blake
Sarah	Smith
Desiree	Reese
Samantha	Baker
Josh	Baldwin
Lynette	Chapman
Jeanette	Sharp
Merle	Norris
Shannon	Turner
Silvia	Delgado
Louis	Duncan
Keith	Mann
Nicholas	Stevens
Alan	Thomas
Marlene	Cruz
Tracey	Rose
Rolando	Frank
Donna	Wallace
Arnold	Moran
Preston	Garner
Yvonne	Clark
Valerie	Mathis
Mary	Wagner
Jermaine	Chambers
Allen	Cannon
Julia	James
Ben	Rogers
Bridget	Haynes
Roy	Harrison
Terrence	Tate
Lila	Fields
Ernest	Ramos
Carolyn	Terry
Cecelia	Nguyen
Israel	Miller
Eileen	Collier
Juana	Arnold
Mamie	Simpson
Regina	Ray
Janet	Hunt
Annie	Flowers
Jimmy	Wong
Marta	Sims
Elsie	Tran
Dawn	Elliott
Derrick	Frazier
Kristine	Carpenter
Betsy	Fitzgerald
Mona	Wolfe
Lowell	Stevenson
Caleb	Hansen
Tamara	Reid
Steve	Boone
Gilbert	Meyer
Marlon	Mclaughlin
Lamar	Norris
Alejandro	Burns
Guillermo	Graham
Jay	Mitchell
Sadie	Sherman
Edgar	Clarke
Minnie	Cain
Edna	Obrien
Brittany	Guzman
Pat	Hill
Joanna	Peters
Jeremiah	Doyle
Lora	Walker
Kelly	Dixon
Dean	Curtis
Donald	Mann
David	Oliver
Cecil	Daniel
Nicholas	Saunders
Melinda	Newman
Eleanor	Walsh
Wilbert	Cannon
Victoria	Rodgers
Willie	Moody
Gertrude	Mullins
Randolph	Thornton
Laverne	Watkins
Brian	Barber
Warren	Chandler
Kerry	Goodman
Martha	Hart
Melody	Aguilar
Tammy	Collins
Amelia	Williamson
Vernon	Harvey
Tracey	Gonzalez
Bernadette	Franklin
Seth	Tate
Tasha	Snyder
Jake	Gibbs
Rebecca	Cooper
Blake	Brady
Erick	May
Colleen	Powers
Trevor	Rodriguez
Sonia	Rowe
Lonnie	Mcguire
Shane	Wallace
Becky	Benson
Salvatore	Walters
Bradley	Ward
Brent	Mccoy
Crystal	Mack
Miguel	Anderson
Nina	Collier
Israel	Cunningham
Alexandra	Haynes
Chelsea	Palmer
Leroy	Duncan
Antoinette	Brooks
Howard	Lawrence
Mario	Patton
Charlene	Quinn
John	Adkins
Elaine	Wade
Belinda	Barnes
Shaun	Mendez
Kristen	Hardy
Irene	Perry
Latoya	Bennett
Tim	Griffith
Charlotte	Fowler
Robert	Lynch
Virginia	Welch
Courtney	Lloyd
Cristina	Kelly
Maggie	Osborne
Keith	Roy
Guadalupe	Banks
Kim	Leonard
Taylor	Black
James	Montgomery
Pauline	Burns
Jana	Daniel
Henrietta	Miller
Nettie	Beck
Sherri	Henderson
Karla	Garcia
Horace	Osborne
Mary	Walsh
Yvonne	Wheeler
Wayne	Conner
Jessie	Baldwin
Claudia	Allen
Amber	Harris
Gwen	Brooks
Gretchen	Paul
Devin	Black
Kirk	Walton
Ismael	Hart
Myra	Vasquez
Sadie	Wright
Luz	Drake
Cindy	Gomez
Heather	Marshall
Adrian	Phelps
Angela	Stevenson
Leslie	Guzman
Ervin	James
Ada	Brady
Matt	Lawson
Seth	Stephens
Sidney	Tyler
Mae	Davidson
Pete	Caldwell
Cathy	Mclaughlin
Cody	Sanchez
Paulette	Wilkerson
Elbert	Harper
Kelly	Mccarthy
Conrad	Gonzalez
Bob	Shelton
Lynda	Fields
Bertha	Clark
Irvin	Salazar
Shirley	Berry
Jean	Campbell
Randolph	Mitchell
Marty	Snyder
Rita	Hudson
Perry	Weaver
Christina	Ferguson
Nicole	Griffith
Grady	Dixon
Ben	Warner
Shelia	Morris
Amelia	Mason
Randall	Simmons
Rafael	Carter
Marcia	Moss
Jackie	Pratt
Jesse	Boyd
Ernesto	Cook
Leroy	Bush
Olga	Nunez
Jared	Manning
Vivian	Austin
Erik	Hanson
Laurence	Munoz
Greg	Mullins
Miriam	Day
Vera	Frank
Chelsea	Lee
Shawn	Duncan
Natalie	Wells
Andre	Huff
Kathleen	Perez
Arturo	Steele
Gustavo	Mcdaniel
Brendan	Mcguire
Levi	Douglas
Jeremy	Morales
Kristina	Hopkins
William	Ross
Lola	Curtis
Marcella	Fleming
Laurie	Maxwell
Alexandra	Flores
Nathaniel	Powers
Daniel	Delgado
Lydia	Jefferson
Rick	Hogan
Ellen	Tucker
Phillip	Brown
Fannie	Nichols
Terence	Cox
Antoinette	Riley
Elena	Holland
Marie	Sims
Veronica	Aguilar
Ruben	Martin
Tracy	Lambert
Lillie	Lyons
Leticia	Torres
Herman	Curry
Matt	Hanson
Calvin	Stewart
Kenny	Chavez
Preston	Clarke
Leland	Day
Brian	Maldonado
Tiffany	Bennett
Luz	Ortiz
Armando	Moody
Ian	Evans
Franklin	Martin
Tracy	King
Mercedes	Mccarthy
Noah	Stephens
Chad	Ingram
Reginald	Stevenson
Mildred	Hardy
Violet	Coleman
Jennie	Allen
Paul	Walton
Blake	Stone
Terrance	Alvarez
Jaime	Flowers
Travis	Mendoza
Connie	Walters
Manuel	Cross
Dominic	Jefferson
Mindy	Joseph
Colleen	Arnold
Josephine	Bowen
Tara	Roy
Irving	Simpson
Bertha	Adkins
Elaine	Henry
Cecilia	Summers
Olive	Greene
Mathew	Myers
Mattie	Bryan
Glenn	Fernandez
Nellie	Lamb
Mack	Sharp
Sonia	Jenkins
Monique	Cook
Erica	Gutierrez
Randolph	White
Rose	Barnett
Doreen	Figueroa
Felicia	Stevens
Emmett	Garrett
Antonia	Carpenter
Sabrina	Wilson
Darin	Fitzgerald
Marian	Marsh
Holly	Carson
Kimberly	Black
Judy	Hale
Rachel	Mcdaniel
Otis	Mclaughlin
Hazel	Diaz
Delia	Gilbert
Rosemarie	Thompson
Shannon	George
Wilson	Sherman
Pedro	Santos
Andrea	Carroll
Marshall	Cummings
Jesus	Gomez
Esther	Morris
Gretchen	Carr
Don	Benson
Miriam	Nash
Ellen	Rogers
Hugh	Hines
Jenny	Reyes
Jonathon	Lawson
Jerome	Moreno
Earnest	Bailey
Arlene	Watts
Joy	Paul
Patrick	Graves
Gerald	Kennedy
Annette	Dean
Peggy	Romero
Laverne	Reid
Timmy	Anderson
Jackie	Sullivan
Agnes	Lucas
Jerry	Delgado
Cristina	Patterson
Terry	Cortez
Lorene	Mack
Kenneth	Harmon
Jo	Bishop
Bonnie	Yates
Suzanne	Garner
Darryl	Payne
Lena	Martinez
Rosie	Munoz
Alonzo	Ross
Hilda	Hudson
Janis	Daniels
Sabrina	Jefferson
Allen	Burns
Jonathan	Castro
Robert	Cannon
Max	Moran
Annette	Rivera
Miranda	Beck
Michael	Lambert
Johnathan	Steele
Neal	Brock
Dewey	Scott
Verna	Oliver
Thelma	Hardy
Beulah	Kelly
Lola	Cain
Terri	Figueroa
Lorene	Graves
Josh	Wells
Domingo	Nash
Rufus	Huff
Matt	Lewis
Mae	Barker
Lynette	Alvarado
Bruce	Parker
Alyssa	Reese
June	Berry
Ignacio	Reynolds
Myrtle	Bates
Lindsay	Rowe
William	Ortega
Crystal	Neal
Gloria	Casey
Ralph	Miller
Jerry	Terry
Marsha	Holland
Natasha	Luna
Wilbur	Matthews
May	Rodriquez
Tamara	Logan
Kerry	Ingram
Allan	Johnson
Marie	Manning
Antoinette	Torres
Shawna	Yates
Kurt	Larson
Clinton	Robbins
Simon	Bell
Lena	Sims
Stephen	Richards
Estelle	Schmidt
Jenny	Fleming
Mabel	Wilkins
Geneva	Ray
Jessie	Horton
Sherry	Holmes
Jeffery	Barnett
Shannon	Garza
Yolanda	Floyd
Carroll	Ramirez
Heather	Houston
Dennis	Powers
Julia	Rios
Jeffrey	Harrington
Terrance	Sparks
Rachael	Hunt
Leslie	Bailey
Sammy	Martin
Eileen	Woods
Jacquelyn	Cross
Lee	Harris
Irma	Parks
Carlos	Walton
Charles	Lloyd
Rachel	Hunter
Arthur	Price
Nelson	Singleton
Victor	Pearson
Malcolm	Gomez
Dolores	Garner
Tommy	Patterson
Lorena	Frank
Kara	Buchanan
Darlene	Tyler
Roosevelt	Colon
Misty	Henry
Nina	Ramos
Janie	Roberson
Karl	Tate
Eric	Mcgee
Leigh	Carpenter
Teresa	Patrick
Robin	Myers
Melanie	Underwood
Brett	Lamb
Allison	Collins
Joey	Craig
Lindsay	Ryan
Grant	Palmer
Darin	Hogan
Lucia	Richardson
Jeannette	Armstrong
Joan	Owens
Bert	Mcgee
Virgil	Porter
Theresa	Ortiz
Benny	Park
Seth	Robertson
Estelle	Reese
Troy	Cobb
Blake	Graham
Lori	Grant
Max	Wright
Irma	Garner
Hannah	Douglas
Christian	Ford
George	Saunders
Doug	Clarke
Carrie	Mcdonald
Anita	Long
Myra	Woods
Sonia	Wells
Eduardo	Boyd
Carol	Griffith
Grace	Summers
Mary	Mcbride
Janet	Townsend
Damon	Cummings
Beverly	Higgins
Dana	Gray
Curtis	Simon
Aaron	Farmer
Lonnie	Brock
Karen	Hale
Victor	Gutierrez
Gerald	Carter
Tami	Aguilar
Todd	Jackson
Mandy	Hudson
Dexter	Dawson
Krystal	Sims
Jessie	Herrera
Shelia	Little
Amanda	Mcguire
Beth	Ramsey
Jorge	Johnson
Kellie	Peters
Anne	Stevens
Jermaine	Willis
Shane	Poole
Guadalupe	Taylor
Jill	Butler
Ron	Fields
Casey	Franklin
Gilbert	Ellis
Wilma	James
Felix	Marshall
Merle	Miles
Erik	Russell
Guillermo	Daniels
Gerard	Maxwell
Janis	Carr
Devin	Rodriguez
Charlene	Bennett
Leon	Perkins
Michael	Miller
Freddie	Neal
Marsha	Ross
Arlene	Meyer
Janice	Ball
Neal	Edwards
Corey	Sanders
Roberto	Wallace
Phil	Castro
Josephine	Pittman
Preston	Payne
Maxine	Ruiz
Alexander	Hardy
Harvey	Simmons
Gwen	Arnold
Rodolfo	Paul
Bruce	Bush
Ivan	Wong
Pedro	Robbins
Margaret	Cross
Fred	Barnes
Ellen	Vasquez
Gregory	Henderson
Lynda	Harmon
Ross	Holland
Robin	Francis
Ramon	Collins
Teri	Powell
Alfonso	Shelton
Alejandro	Evans
Pauline	Lopez
Kendra	Lindsey
Jody	Benson
Jaime	Gardner
Jorge	Blake
Joey	Carr
Angelica	Stanley
Oliver	Hall
Bertha	Goodwin
Darrel	Ward
Melody	Hicks
Jo	Parks
Eric	Ramirez
Edna	Warren
Jenna	Mills
Erin	Simpson
Molly	Snyder
Kelly	Newton
Jimmie	Garcia
Natalie	Stevens
Curtis	Shaw
Esther	Jefferson
Bernard	Tyler
Wayne	Cunningham
Leona	Holland
Cindy	Grant
Mathew	Rodriquez
Elsie	Joseph
Samuel	Underwood
Beatrice	Reeves
Marian	Burgess
Margarita	Williamson
Geneva	Morgan
Alvin	Munoz
Christy	Cooper
Roland	Coleman
Stewart	Dean
Kristen	Price
Aubrey	Vega
Arturo	Moran
Johnnie	Richardson
Elmer	Rivera
Fred	Tucker
Carlos	Maldonado
Oscar	Mullins
Winifred	Haynes
Malcolm	Norris
Thomas	Swanson
Jean	Copeland
Kelvin	Logan
Enrique	Conner
Harry	Berry
Ignacio	Potter
Sabrina	Tran
Sylvia	Buchanan
Andrea	May
Raymond	Thompson
Saul	Palmer
Catherine	Osborne
Clark	Nelson
Alicia	Hanson
Leslie	Maxwell
Sidney	Ingram
Dexter	Patton
Jan	Sutton
Ryan	Figueroa
Ben	Castro
Bradford	Schneider
Bob	Reed
Carolyn	Warner
Annette	Mccarthy
Frank	Powers
Shaun	Adkins
Roderick	Barrett
Terry	Mcgee
Joanne	Castillo
Sean	French
Susan	Austin
Bobbie	Cole
Ken	Lamb
Courtney	Spencer
Tami	Ruiz
Gwen	Williams
Ron	Burns
Geraldine	Howell
Melba	Wong
Christie	Morris
Angela	Wilson
Dean	Cobb
Patricia	Townsend
Orlando	Matthews
Perry	Hamilton
Danny	Wagner
Benny	Wheeler
Julio	Cohen
Melanie	Robinson
Connie	Sims
Sharon	Guzman
Owen	Mcdaniel
Darla	Boone
Lucas	Hunter
Katrina	Delgado
Fredrick	Hughes
Barbara	Guzman
Marcus	Santos
Cassandra	Harris
Gloria	Dean
Norman	Vaughn
Jamie	Williamson
Leslie	Duncan
Bessie	Pope
Douglas	Munoz
Calvin	Summers
Joseph	White
Trevor	Douglas
Eleanor	Price
George	Moore
Courtney	Webb
Alison	Freeman
Garrett	Huff
Cathy	Lane
Darla	Soto
Guadalupe	Burton
Minnie	Schmidt
Tanya	Brock
Carol	Mccormick
Tasha	Manning
Jaime	Craig
Lorene	Jenkins
Bennie	West
Angel	Garrett
Ruben	Berry
Holly	Rice
Dallas	Scott
Ernest	Banks
Eugene	Evans
Sophia	Jennings
Elias	Hudson
Jasmine	Bennett
Eric	Love
Johnny	Norris
Jackie	Rose
Julian	Floyd
Kim	Baker
Joel	Lawrence
Tyler	Neal
Philip	Curtis
Monica	Watson
Anthony	Haynes
Valerie	Leonard
Jerome	Delgado
Darrell	Hernandez
Lori	Cobb
Henrietta	Vasquez
Pauline	Bowers
Joe	Walsh
Bradley	Murray
Ricardo	Pratt
Sara	Mullins
Jo	Hampton
Blake	Cole
Al	Brady
Derrick	Jensen
Terrence	Fields
Julius	Davidson
Dominick	Hunter
Alexander	Washington
Pat	Tyler
Warren	Russell
Gwen	Yates
Johnnie	Patton
Edgar	Briggs
Flora	Robertson
Conrad	Cox
Laura	Owens
Shelia	Mendez
Noah	Ellis
Elmer	Caldwell
Alan	Rogers
Stuart	Gardner
Rolando	Reynolds
Latoya	Stokes
Frances	Young
Micheal	Klein
Georgia	Pena
Harvey	Beck
Angela	Clark
Brandi	Lawson
Randall	Higgins
Henry	Hammond
Floyd	Moran
Jimmie	Anderson
Juana	Mack
Brandon	Hart
Orlando	Adkins
Dustin	Stone
Abraham	Brewer
Darlene	Knight
Alfred	Mckenzie
Malcolm	Bridges
Ginger	Ramsey
Ada	Hale
Rick	Miles
Colleen	Douglas
Ramiro	Mack
Anthony	Wilkerson
Rene	Williams
Valerie	Pittman
Roosevelt	Ortega
Nelson	Gordon
Lewis	Haynes
Patty	Buchanan
Emanuel	Hale
Angie	Sutton
Alice	Gill
Lela	Moore
Juan	Simpson
Hannah	Lloyd
Rita	Hunt
Irene	Clark
Randal	Brock
Mathew	Richardson
Christine	Fleming
Christie	Lamb
Tricia	Morrison
Mark	Rivera
Tomas	Fletcher
Gladys	Mcdaniel
Brenda	Vega
Cecil	Owens
Lindsay	Chapman
Calvin	Washington
Harold	Thornton
Kristi	Simon
Michelle	Woods
Audrey	Jackson
Renee	Day
Alexander	Soto
Gregory	Dixon
Brandi	Bush
Mario	Christensen
Cecilia	Houston
Courtney	Wong
Nettie	Ray
Lana	Santos
Blake	Schmidt
Lillie	Quinn
Juanita	Norton
Judith	Phillips
Jason	Drake
Roy	Caldwell
Clint	Osborne
Sheldon	Reed
Ginger	Holloway
Lorenzo	Brewer
Yolanda	Dennis
Joel	Murphy
Don	Burke
Kent	Zimmerman
Craig	Watts
Jackie	Rodriguez
Darnell	Price
Grant	Wagner
Molly	Carson
Joanna	Burns
Lora	Martinez
Guy	Hawkins
Velma	Schultz
Samuel	Lowe
Linda	Nichols
Robyn	Oliver
Guillermo	Sparks
Otis	Payne
Paul	Elliott
Leah	Craig
Oliver	Riley
Silvia	Stevens
Kathy	Hayes
Laverne	Medina
Rochelle	Meyer
Bill	Pierce
Veronica	Gray
Moses	Massey
Marco	Obrien
Lynn	Cunningham
Lynda	Duncan
Tracy	Jefferson
Orlando	Vasquez
Perry	Holt
Shelley	Mills
Carolyn	Ingram
Olga	Pearson
Herbert	Turner
Christina	Mann
Lois	Klein
Angel	Swanson
Jamie	Gregory
Ismael	Porter
Pam	Alvarado
Darryl	Flores
Rudolph	Nunez
Verna	Vargas
Naomi	Howard
Elmer	Bowman
Amelia	Phelps
Krystal	Santiago
Maureen	Walsh
Catherine	Gregory
June	Holt
Salvador	Parsons
Leslie	Carter
Margaret	Mcguire
Ray	Maldonado
Clarence	Nash
Terrence	Fernandez
Jody	Robertson
Erica	Gibson
Ron	Adams
Virginia	Bradley
Laurie	Nguyen
Laura	Spencer
Percy	Dennis
Julia	Murray
Eunice	Douglas
Mable	Carroll
Clark	Rodgers
Dana	Lopez
Gordon	Schneider
Howard	Castro
Jay	Wells
Israel	Morris
Beulah	Bowen
Georgia	Ward
Dawn	Barton
Jorge	Wagner
Stuart	Carson
Elaine	Vaughn
Tami	Beck
Curtis	Morales
Hugo	Schwartz
Kristy	Buchanan
Austin	Allison
Violet	Glover
Melody	Wade
Bradley	May
Lyle	Logan
Theodore	Potter
Andre	Taylor
Sonja	Hammond
Bertha	Ortiz
Edith	Rodriguez
Jesus	Ballard
Wade	Conner
Deborah	Mann
Martha	Hall
Owen	Nelson
Cynthia	Ramsey
Fredrick	Tyler
Albert	Blake
Pablo	Hill
Patsy	Mcgee
Andrea	Mccoy
Levi	Baldwin
Sean	Stephens
Roman	Roberts
Jenny	Bailey
Danielle	Mcbride
Tricia	Patterson
Andres	Benson
Rebecca	Austin
Peggy	Cunningham
Kate	Boone
Judith	Powers
Courtney	Rogers
Paula	Park
Alvin	Gordon
Joan	Hale
Ada	Swanson
Franklin	Moss
Bert	Sherman
Natalie	Klein
Lonnie	Joseph
Rolando	Carlson
Lynne	Chambers
Al	Nichols
Lee	Dawson
Angelina	Frazier
Emily	Gonzalez
Sammy	Walker
Faye	Gilbert
Florence	Hayes
Hilda	Elliott
Marguerite	Jefferson
Ruben	Howell
Ignacio	Craig
Edwin	Ryan
Edmund	Foster
Carole	Jennings
Dan	Grant
Roderick	Goodwin
Ricky	Morrison
Colleen	Garza
Neal	Gibson
Lorena	Hughes
Maurice	Simon
Duane	Weber
Josephine	Casey
Carlton	Vega
Esther	Rodriquez
Jesus	Chambers
Lana	Bowen
Ernestine	Cook
Omar	Huff
Allen	Gordon
Rickey	Gray
Rosemary	Wilkins
Brian	Cruz
Jordan	Holt
Debra	Ford
Lawrence	Payne
Vicky	Carpenter
Stanley	Cobb
Sonya	Ramsey
Kent	Reynolds
Max	Nguyen
Gabriel	Stewart
Calvin	Perkins
John	Park
Randal	Gross
Roy	Delgado
Kevin	Kim
Heidi	Morris
Erin	Simmons
Bert	Morton
Erik	Hill
Tabitha	Washington
Salvador	Barnett
Joyce	Burgess
Tricia	Allen
Alberto	Chapman
Cheryl	Harris
Robert	Sullivan
Stuart	Ward
Jim	Garcia
Lela	Paul
Terry	Cain
Essie	Knight
Tammy	Hudson
Wilfred	Riley
Wilma	Mcgee
Louise	Howell
Irving	Bradley
Kelli	Perez
Helen	Lambert
Gilbert	Fitzgerald
Eloise	Boone
Elizabeth	Cunningham
Billie	Allison
Cameron	Guerrero
Sammy	Byrd
Myra	Warner
Pat	Shaw
Elisa	Holland
Javier	Porter
Meghan	Ramos
Marshall	Daniels
Regina	Mendez
Hugh	Peterson
Marvin	Cohen
Lamar	Barnes
Oliver	Pearson
Ernest	Mullins
Jeannie	Powers
Chelsea	Hall
Joan	Abbott
Annie	Henry
Vickie	Lane
Courtney	Hines
Sylvia	Reid
Darin	Love
Elsie	Jones
Michele	Douglas
Marie	Elliott
Lynette	Ryan
Michelle	Bush
Edwin	Conner
Terrance	Martinez
Glenn	Harvey
Gladys	Peters
Alison	Green
Iris	Stanley
Marion	Cummings
Irma	Gonzalez
Teresa	Pratt
Janis	Greer
Wilbur	Rice
Donald	Christensen
Heather	Arnold
Michael	Weaver
Kerry	Wong
Joann	Phillips
Richard	Chandler
Candace	Shaw
Clarence	Cortez
Patti	Scott
Rudy	Schmidt
Guy	Fisher
Stacy	Rogers
Owen	Bailey
Russell	Moody
Leslie	Crawford
Christina	Wise
Harvey	Roberson
Charlene	Summers
Spencer	Malone
Bradford	Guzman
Charles	Graves
Gerardo	Nash
Woodrow	Mullins
Armando	Joseph
Mindy	Kim
Daryl	Goodwin
Tyler	James
Bobby	Austin
Holly	Cox
Paul	Fleming
Marco	Cook
Naomi	Logan
Tommie	Strickland
Vickie	Carter
Marcus	Bishop
Rogelio	Myers
James	Frazier
Al	Norris
Marilyn	Hughes
Manuel	Aguilar
Jordan	Henderson
Julian	Bradley
Mark	Hardy
Veronica	Morton
Loretta	Mcbride
Zachary	Weaver
Cynthia	Maxwell
Emmett	Santiago
Santos	Watson
Calvin	Gregory
Danny	Ortega
Wallace	French
Howard	Reeves
Vicky	Jefferson
Reginald	Lee
Cristina	Riley
Courtney	Greene
Jennifer	Bush
Joan	Chandler
Harry	Chambers
Claudia	Dawson
Krystal	Shelton
Lawrence	Harrison
Stewart	Garner
Ronald	Potter
Marsha	Rose
Belinda	Saunders
Janice	Rodriquez
Philip	Marshall
Stephanie	Ford
Gilberto	Vasquez
John	Ramsey
Angela	Maldonado
Louis	Porter
Winston	Henry
Catherine	Guerrero
Victor	Munoz
Trevor	Benson
Lois	Tran
Genevieve	Cannon
Sue	Richardson
Gregg	Martinez
Julio	Mccarthy
Glen	Cobb
Clayton	Carlson
Orlando	Cunningham
Laverne	Parks
Amber	Walters
Maxine	Elliott
Beverly	Bennett
Tasha	White
Donald	Allen
Jeffrey	Sims
Arthur	Salazar
Margaret	Grant
Chris	Ballard
Theodore	Andrews
Donnie	Vargas
Wendell	Robinson
Ervin	Holmes
Francisco	Phelps
Helen	Love
Meredith	Holt
Bonnie	Dean
Joel	Hoffman
Michael	Bryant
Cecelia	Stokes
Madeline	Hamilton
Mercedes	Clarke
Leland	Doyle
Daisy	Carroll
Desiree	Howard
Allen	Barnett
Clyde	Cain
Ramiro	Daniels
Mario	Bowman
Kim	Weaver
Anthony	Wilson
Bernice	Erickson
Cary	Holt
Molly	Tate
Marc	Harvey
Dixie	Simmons
Eric	Perkins
Kristopher	Walton
Jeff	Boyd
Wendell	Dean
Estelle	Sherman
Jody	Morrison
Hazel	Norton
Debbie	Powers
Hope	Santiago
Samantha	Watkins
Norman	Watson
Christy	Cummings
Doug	Hawkins
Clinton	Williamson
Pedro	Miles
Steve	Todd
Emmett	Bryan
Peggy	Gardner
Veronica	West
Alyssa	Holloway
Bernard	Bradley
Kristy	Rivera
Viola	Watts
Muriel	Mcdaniel
Martin	Weber
Jeannette	Hardy
Johnnie	Frazier
Sandy	Jacobs
Donnie	Henderson
Rosa	Potter
Jermaine	Sutton
Laverne	Cannon
Barbara	Huff
Stewart	Mason
Meredith	Harper
Matthew	Gutierrez
Edgar	Wise
Lela	Delgado
Rose	James
Geneva	Mendoza
Clifford	Sanchez
Nathaniel	Holland
Jana	Curry
Bobby	Strickland
Jan	Wright
Cory	Pope
Sara	Vasquez
Al	Padilla
Geoffrey	Dixon
Darren	Maxwell
Jordan	Hubbard
Marsha	Herrera
Yvette	Harrison
Kerry	Reese
Danny	Glover
Myron	Ward
Melissa	Page
Megan	Castillo
Stephen	Mclaughlin
Louis	Reyes
Josefina	Ray
Brad	Love
Rosie	Wade
Delores	Abbott
Randal	Edwards
Lydia	Spencer
Whitney	Vega
Maria	Brady
Johnnie	Hayes
Angelica	Sullivan
Mitchell	Lloyd
Tommy	Obrien
Julian	Davis
Jasmine	Douglas
Lucy	Gonzalez
Michael	Rowe
Ronald	Franklin
Gustavo	Neal
Marguerite	Higgins
Marcella	Moran
Billie	Peterson
Lisa	Robertson
Sherri	Russell
Arnold	Adams
Wendell	Mendez
Glenda	Taylor
Chester	Gardner
Anthony	Arnold
Tasha	Herrera
Jay	Farmer
Cassandra	Wells
James	Benson
Myrtle	Butler
Lindsey	Matthews
Grady	Wright
Domingo	Kennedy
Fernando	Newman
Rafael	Munoz
Robert	Wilkins
Violet	Snyder
Jane	Hunter
Eva	Morales
Ron	Mitchell
Owen	Manning
Essie	Blair
Tara	Reeves
Melody	Jefferson
Cindy	Jensen
Willie	Lopez
Wilbur	Norris
Bert	Hines
Inez	Drake
Denise	Brooks
Sheryl	Russell
Tyrone	Rice
Agnes	Watts
Winston	Mcgee
Sheldon	Francis
Simon	Phillips
Erick	Welch
Claude	Weaver
Robin	Burns
Bruce	Newton
Phyllis	Caldwell
Jimmy	Cole
Clyde	Walters
Toni	Richards
Alfonso	Lawrence
Lucia	Daniels
Lydia	Jones
Iris	Rogers
Gloria	Hudson
Gary	Beck
Ruben	Little
Colin	Wolfe
Charles	Barker
Johnnie	Mcdaniel
Mitchell	Gross
Bernice	Baldwin
Cecilia	Ruiz
Edwin	Maldonado
Josephine	Zimmerman
Clifford	Cruz
Valerie	Ryan
Alvin	Douglas
Carolyn	Harrison
Carroll	Tucker
Meghan	Gonzales
Melissa	Shelton
Jon	Carroll
Martha	Cox
Elizabeth	Burgess
Jill	Grant
Brandi	Wilson
Clint	Wilkerson
Danielle	Hodges
Dana	Ingram
Geneva	Morgan
Jeremy	Figueroa
Noah	Lamb
Wade	Fowler
Eugene	Joseph
Benny	Mendoza
Courtney	Hicks
Walter	Massey
Antonio	Garza
Priscilla	Wise
Hattie	Steele
Tim	Ford
Vincent	Robertson
Jake	Allen
Frankie	Santiago
Eleanor	Carson
Sara	Gill
Rolando	Page
Lamar	Green
Bryan	Moss
Terrance	Rios
Charlene	Riley
Guillermo	Powers
Damon	Wallace
Sidney	Singleton
Omar	Chambers
Kenny	Sims
Elizabeth	Blair
Bob	Nash
Marcus	Thomas
Kenneth	Hernandez
Alton	Harrison
Karla	Ingram
Constance	Drake
Orlando	Soto
Roxanne	Cobb
Carl	Singleton
Maryann	Ross
Homer	Francis
Leroy	Long
Ernest	Roy
Victoria	Parsons
Darrel	Schultz
Tiffany	Erickson
Kim	Matthews
Cornelius	Benson
Garry	Perkins
Brandon	Campbell
Eduardo	Jennings
Jason	Parks
Jody	Alvarez
Geoffrey	Simpson
Domingo	Joseph
Shirley	Watson
Daisy	Salazar
Bertha	Norris
Nora	Lane
Jose	West
Suzanne	Brady
Melinda	Wise
Joshua	Harvey
Jeffrey	Larson
Arnold	Vargas
Betty	Byrd
Ronnie	Turner
Erik	Mcguire
Teri	Knight
Glen	Potter
Jeanne	Webster
Ervin	Bowers
Andre	Johnson
Allison	Medina
Meredith	Tate
Cindy	Summers
Carroll	Bryan
Ethel	Cortez
Bert	Fitzgerald
Tony	Carson
Eileen	Murray
Clay	Green
Steve	Page
Dean	Oliver
Kristen	Butler
Lora	Dennis
Benjamin	Evans
Rickey	Fuller
Josefina	Ferguson
Pat	Wilson
Muriel	Gonzales
Pat	Peterson
Ollie	Mathis
Darnell	Osborne
Kay	Hale
Louise	Roberson
Ross	Jimenez
Wm	Mendoza
Jo	Warren
Miguel	Barber
Edgar	Herrera
Joan	Davidson
Yvonne	Hammond
Juana	Colon
Camille	King
Raymond	Caldwell
Ryan	Hawkins
Forrest	Underwood
Levi	Hill
Blanche	Vasquez
Leon	Gomez
Christy	Perry
Eugene	George
Hugo	Jackson
Shannon	Kennedy
Brandi	Bryant
Gertrude	Nguyen
Nelson	Barnes
Jeff	Walters
Jonathon	Bridges
Sadie	Collier
Lynn	Reid
Andrea	Bass
Alan	Yates
Elaine	Boone
Kathleen	Farmer
Ginger	Woods
Andy	Dixon
Blanca	Rogers
Amelia	Cole
Derrick	Soto
Leon	Brock
Carlton	Mcdonald
Jaime	Davidson
Bennie	Casey
Vicki	Dixon
Kayla	Collins
Cedric	Sanders
Miranda	Underwood
Heather	Stephens
Ollie	Baldwin
Eunice	Miller
Franklin	Sharp
Tabitha	Berry
Lori	Nelson
Lucy	Dean
Veronica	Mills
Jody	Cannon
Gregory	Gardner
Percy	Fletcher
Billie	Waters
Jessie	Terry
Marian	Stevenson
Van	Neal
Vernon	Vasquez
Emanuel	Black
Blake	Flowers
Kimberly	Wright
Lindsey	Jefferson
Mandy	Hernandez
Janet	Strickland
Doris	Tran
Jessica	Olson
Merle	Bell
Dallas	Carson
Malcolm	Greene
Gwendolyn	Price
Camille	Gibson
Felicia	Brady
Shelia	Gross
Tyler	Oliver
Thelma	Ramirez
Frances	Clayton
Timmy	Hodges
Pat	Bowers
Jessie	Lambert
Cheryl	Ramsey
Jim	Maldonado
Irene	Daniel
Tami	Munoz
Dianna	Butler
Wilfred	Washington
Ruby	Wilkerson
Mack	Wilson
Alonzo	Kim
Essie	Wade
Jeannie	Cook
Dexter	Higgins
Willis	Hanson
Emmett	Hines
Archie	Vaughn
Emilio	Hampton
Willie	Flores
Leslie	Holt
Viola	Gordon
Kristine	Mason
Crystal	Porter
Andrew	Turner
Marty	Cross
Becky	Martinez
Suzanne	Warren
Erma	Lamb
Lana	Armstrong
Mathew	Harmon
Kenny	Carr
Lorraine	Nunez
Bryant	Woods
Gabriel	Stone
Katherine	Ward
Jon	French
Mindy	Carter
Dana	Scott
Ismael	Barber
Lamar	Crawford
Melinda	Burns
Darrel	Shaw
Hannah	Smith
Pat	Malone
Josefina	Buchanan
Tanya	Willis
Jonathan	Houston
Ida	Powers
Elaine	Diaz
Allen	Garner
Brooke	Fitzgerald
Jeanne	Hicks
Gayle	Chambers
Genevieve	Simmons
Wilbur	Harvey
Colin	Bowen
Joel	Fuller
Kirk	Sparks
Sonia	Cole
Tracy	Banks
Lyle	Guerrero
Gwendolyn	Hayes
Geoffrey	Snyder
Randal	Paul
Pat	Carlson
Lisa	Gregory
Clark	Olson
Ramiro	Cooper
Tracy	Malone
Lionel	Cox
Matt	Gonzales
Meghan	Beck
Thomas	Bennett
Cecil	Herrera
Jackie	Richards
Arthur	Schneider
Ashley	Mendez
Dwayne	Greer
Josephine	Montgomery
Lorraine	Johnson
Melissa	Freeman
Herbert	Payne
Karen	Wilkerson
Wm	Barker
Bert	Figueroa
Ruby	Ramirez
Lance	Gray
Cathy	Austin
Shawna	Shaw
Janis	Anderson
Guadalupe	Thomas
Paulette	Reid
Kate	Hogan
Joan	Williamson
Ora	Morales
Sergio	Gibson
Gloria	Franklin
Muriel	Curtis
Cassandra	Peterson
Felicia	Horton
Philip	Tucker
Sandra	Evans
Sabrina	Lawson
Rachel	Griffin
Gerardo	Doyle
Sheila	Burton
Van	Stevens
Charles	Knight
Gabriel	Klein
Ida	Vasquez
Wanda	Estrada
Misty	Wade
Raul	Schmidt
Amelia	Warner
Guillermo	Joseph
Brandy	Waters
Emilio	Foster
Katherine	James
Tammy	Pittman
Morris	Rowe
Lula	Dawson
Shelley	Mccoy
Suzanne	Manning
Bernadette	Simpson
Rickey	Walton
Faye	Porter
Evan	Wilson
Garrett	Jackson
Loren	Murphy
Kelly	Bush
Beverly	Potter
Gretchen	Jordan
Sheldon	Mendoza
Danielle	Floyd
Jenny	Delgado
Karla	Lyons
Katrina	Harris
Roxanne	Garrett
Grace	Gonzalez
Bonnie	Palmer
Christine	Adams
Blanca	Brewer
Angela	Padilla
Lynn	Curry
Julie	Romero
Clayton	Singleton
Olive	Mullins
Mindy	Houston
Josefina	Higgins
Candace	Hansen
Raquel	Webb
Larry	Chambers
Terence	Mcbride
Percy	Daniels
Johnnie	Allen
Rosemary	Bishop
Ruben	Pope
Josefina	Brooks
Ellis	Lawson
Wilson	Hanson
Yolanda	Smith
Sue	Marshall
Brent	Weber
Tricia	Garrett
Pam	Glover
Antoinette	Moss
Cameron	Fisher
Dora	Jefferson
Margarita	Fitzgerald
Marianne	Quinn
Tracy	Jennings
Brooke	Blair
Myra	Gregory
Vera	Holloway
Daisy	Ramirez
Trevor	Wagner
Timothy	Parks
Lindsey	Mendez
Harriet	Farmer
William	May
Martha	Bryant
Roderick	Page
Wendy	Miller
Luz	Newman
Gayle	Roy
Levi	Logan
Neil	Maldonado
Hugh	Soto
Darrin	Russell
Blake	Armstrong
Hannah	Green
Michele	Ortiz
Leslie	Hodges
Tommie	Lloyd
Clarence	Robertson
Terrence	Todd
Clayton	Webster
Randy	Cobb
Ricky	Spencer
Max	Medina
Douglas	Morrison
Erica	Phillips
Samuel	Roberts
Chris	Francis
Blanca	Edwards
George	Jacobs
Leonard	Hill
Rene	Schmidt
Melvin	Roberson
Courtney	Mcdonald
Everett	Woods
Lawrence	Barnett
Heidi	Vargas
Beulah	Wells
Jeffery	Bryan
Guy	Marsh
Edmund	Schultz
Estelle	Norman
Susan	Newton
Jaime	Dennis
Francis	Parsons
Jenna	Mckinney
Donna	Burton
Dawn	Tate
Silvia	Day
Holly	Myers
Edward	Gross
Michelle	Dawson
Gordon	Hicks
Edith	Klein
Paula	Love
Tracey	Pearson
Melissa	Cooper
Jacob	Sherman
Phillip	Arnold
Carmen	Gill
Kara	James
Bobby	Holland
Willie	Mills
Sara	Robbins
Steven	Henry
Delbert	Fernandez
Jeannie	Johnson
Melody	Bowen
Yvonne	Thomas
Velma	Garner
Eileen	Owen
Verna	Houston
Alvin	Murphy
Irma	Weaver
Annette	Powell
Diane	Hines
Patsy	Perkins
Lillie	Franklin
Maureen	Cook
Lisa	Hernandez
Gordon	Harvey
Dewey	Vaughn
Dominick	Hardy
Marvin	Schwartz
Luz	Thompson
Francis	Warren
Rosemary	Graves
Cory	Robertson
Jerry	Graham
Essie	Christensen
Jenna	Hall
Agnes	Sandoval
Joy	Hammond
Glen	Hubbard
Dwight	Frank
Mercedes	Sanchez
Levi	Herrera
Jeffery	Newton
Lora	Greene
Lester	Vega
Sonya	Morton
Christopher	Woods
Fannie	Porter
Donnie	Young
Rickey	Moore
Flora	Lane
Melanie	Daniel
Tonya	Armstrong
June	Lloyd
Anne	Rodriquez
Thelma	Joseph
Kara	Swanson
Kari	Berry
Bertha	Cunningham
Rachael	Morrison
Lowell	Doyle
Allan	Scott
Lucas	Delgado
Nathaniel	Fields
Dana	Hill
Desiree	White
Saul	Shaw
Sheryl	Marshall
Vera	Summers
Ralph	Mullins
Conrad	Alexander
Brandy	Coleman
Bonnie	Miles
Jeff	Gonzalez
Peggy	Collier
Alice	George
Sue	Walton
Ignacio	Mcdonald
Nathan	Smith
Kelli	Cooper
Marsha	Olson
Sonja	Palmer
Wilson	Mann
Jorge	Francis
Adrian	Moody
Simon	Potter
Rosa	Diaz
Drew	Garza
Deborah	Wise
Toby	Castillo
Theodore	Bailey
Joanne	Hawkins
Orlando	Green
Della	Vasquez
Iris	Lyons
Kristi	Lambert
Mattie	Owens
Omar	Mcguire
Mitchell	Harmon
Perry	Tucker
Hubert	Romero
Cynthia	Estrada
Doreen	Bell
Clifton	Santos
Aubrey	Holloway
Enrique	Reid
Louis	Lynch
Kayla	Ellis
Janis	Carlson
Darrell	Barnett
Roy	Todd
Evelyn	Gross
Marty	Kelly
Phillip	Holland
Jeanette	Maxwell
Fredrick	Parker
Rose	Sanders
Christie	Riley
Armando	Bryant
Geraldine	Bowers
Denise	Mathis
Neal	Sutton
Doug	Mccormick
April	Sanders
Cecilia	Harrington
Carla	Boone
Kristy	Matthews
Bert	Tran
Roy	Carpenter
Ruth	Tate
Andrew	Kennedy
Kristina	Gutierrez
Kent	Massey
Pedro	Sanchez
Ed	Medina
Beverly	Gardner
Victor	Sparks
Carlton	Bass
Juanita	Garza
Sheri	Gomez
Elvira	Simon
Kerry	Tucker
Toni	Day
Lamar	Reed
Rudolph	Conner
Emanuel	Cannon
Gary	Mcdaniel
Caroline	Powers
Lance	Dennis
Johanna	Lee
Angie	Allison
Sara	Barnett
Gabriel	Walsh
Derek	Romero
Mario	Fields
Rosemary	Freeman
Stewart	Barton
Jaime	Hudson
Minnie	Hoffman
Morris	Caldwell
David	Fox
Opal	Hicks
Myron	Cox
Helen	Howell
Ryan	Strickland
Paulette	Blair
Tami	Alvarez
Julian	Norman
Theodore	George
Roderick	Ruiz
Jaime	Rhodes
Danielle	Malone
Dexter	Duncan
Santiago	Alexander
Vivian	Parsons
Jessie	Clarke
Angel	Carlson
Guillermo	Curtis
Kari	Williams
Kathryn	Underwood
Heidi	Peterson
Judith	Mccoy
Alyssa	Lawson
Bobby	Washington
Georgia	Graham
Eugene	Bell
Ignacio	Torres
Lewis	Roberson
Alan	Webster
Ruby	Hart
Drew	Garcia
Salvador	Hall
Maurice	Love
Allen	Poole
Woodrow	Mendez
Willie	Wilson
Cory	Phelps
Alonzo	Joseph
Eduardo	Bowman
Lowell	Burgess
Misty	Maxwell
Lucas	Potter
Kurt	Howard
Jacqueline	Cain
Margarita	Berry
Jenna	Welch
Nicole	Harrison
Wilfred	Rodriquez
Annette	Quinn
Duane	Dunn
Whitney	Lyons
Rosalie	Turner
Laurence	Maldonado
Ramona	Carson
Jody	Dean
Marianne	Clark
Gilberto	Pope
Shaun	Moss
Dewey	Robinson
Sally	Shaw
Lester	Marsh
Alvin	Schultz
Kevin	Keller
Deborah	Sanders
Tomas	Frazier
Dora	Robinson
Manuel	Rios
Herbert	Benson
Clark	Jimenez
Harry	Mason
Leland	Robertson
Michele	Patrick
Travis	Adkins
Rebecca	Carpenter
Louise	James
Hugh	Keller
Gail	Salazar
Constance	Cook
Roxanne	Graves
Suzanne	Drake
Daryl	Schmidt
Maxine	Moody
Doug	Gibbs
Christine	Holt
Kellie	Garrett
June	Ruiz
Phil	Tate
Ronald	Green
Kelli	Collier
Eddie	Schultz
Alicia	Parsons
Marshall	Garza
Pat	Howell
Homer	Tran
Clay	Rodriquez
Leigh	Wilkins
Earnest	Daniels
Steven	Quinn
Sharon	Dennis
Casey	Campbell
Harriet	Daniel
Harold	Ferguson
Jacqueline	Nunez
Jeffery	Clayton
Dean	Wood
Robyn	Hunter
Teri	Mckinney
Fredrick	Day
Spencer	Mullins
Bertha	Mendoza
Donna	Bell
Crystal	Cohen
Allan	Gilbert
Dawn	Carroll
Cameron	Gross
Brad	Brock
Kristin	Evans
Kayla	Hanson
Freddie	Cannon
Myra	Poole
Ora	Rose
Nicholas	Farmer
Shirley	Harper
Roderick	Gordon
Juan	Paul
Wade	Miller
Clara	Woods
Oliver	Castro
Ken	Jenkins
Glenn	Gibson
Laurence	Sutton
Mack	Foster
Brandi	Neal
Rufus	Nichols
Darren	Stevens
Jenny	Ramsey
Dana	Tucker
Timmy	Garner
Adrian	Mills
Lena	Willis
Rick	Jensen
Hazel	Roberts
Micheal	Williamson
Jean	Black
Jason	Stephens
Kirk	Huff
Loren	Brewer
Chester	Ellis
Jonathan	Moreno
Rudy	French
Janie	Griffin
Raul	Rogers
Rogelio	Peters
Alice	Bryan
Emma	Oliver
Miranda	Simpson
Gwen	Jefferson
Derrick	Estrada
Kendra	Norris
Debra	Phelps
Marty	Gomez
Frankie	Fowler
Madeline	Johnson
Johnathan	Kelly
Robin	Floyd
Steve	Higgins
Stephanie	Schwartz
Alma	Bush
Eula	Greer
Bernard	Sims
Nathaniel	Russell
Lola	Pope
Edward	Bell
Judy	Murphy
Kenny	Elliott
Marshall	Bass
Kathleen	Roy
Ana	Riley
Brooke	Torres
Alexander	Day
Elena	Rose
Dixie	Reid
Angelo	Bailey
Doyle	Collier
Roberta	Barker
Wayne	Dennis
Della	Weber
Jacob	Lowe
Vernon	Todd
Monica	Allen
Melody	Reynolds
Vincent	Cummings
Lisa	Park
Daryl	Young
Loren	Gibbs
Jody	Diaz
Marvin	Davis
Marta	Howell
Malcolm	Watson
Kristina	Page
Christine	Robertson
Earnest	Duncan
Bradford	Massey
Ginger	Guerrero
Ray	Gilbert
Tyrone	Joseph
Beth	Sharp
Jackie	Peters
Fredrick	Hall
Guadalupe	Berry
Lauren	Curtis
Juana	Coleman
Allen	Logan
Jim	Hansen
Candice	Shelton
Lana	Fletcher
Glenn	Medina
Molly	Butler
Clay	Barton
Blake	Maldonado
Roxanne	French
Isaac	Meyer
Cedric	Myers
Walter	Hampton
Valerie	Mann
Dave	Jennings
Susie	Nunez
Lorraine	Hudson
Susan	Kelley
Mary	Ingram
Zachary	Simon
Olivia	Mccormick
Lucille	Ryan
Dexter	Bradley
Norman	Brock
Theresa	Rowe
Timmy	Wilkerson
Chelsea	Webb
Duane	Reed
Gladys	Cohen
Eric	Quinn
Franklin	Grant
Leslie	Bennett
Miranda	Richards
Noah	Perry
Wilson	Houston
Jeannette	Cain
Anne	Gonzalez
Glen	Arnold
Domingo	Hernandez
Angel	Daniel
Cora	Chandler
Norma	Simpson
Van	Ortega
Freda	Morton
Micheal	Rios
Cecil	Erickson
Violet	Reeves
Roosevelt	Cross
Lillie	Lambert
Cody	Colon
Charlotte	Patterson
Curtis	Washington
Warren	Figueroa
Josefina	Brock
Judith	Foster
Blanca	Rogers
Abel	Bridges
Francis	Lloyd
Karl	Stokes
Cory	Powell
Adrian	Bush
Cheryl	Jacobs
Dean	Massey
Julia	Fuller
Yvette	Beck
Elbert	Garner
Allan	Ramirez
Nick	Hamilton
Jared	Fernandez
Crystal	Cohen
Maxine	Cruz
Sophia	Glover
Conrad	Alvarez
Beatrice	Welch
Harvey	Hall
Lloyd	Dennis
Traci	Drake
Claude	Chavez
Alonzo	Strickland
Ella	Richards
Timothy	Harper
Bradley	Reid
Dixie	Cummings
Regina	Adams
Melba	Underwood
Rufus	Morton
Frederick	Medina
Bruce	Bradley
Vera	Johnson
Jason	Sherman
Derek	Castro
Carole	Romero
Adam	Summers
Sergio	Collins
Candice	Black
Carolyn	Malone
Susan	Stephens
Marguerite	Owen
Marjorie	Price
Enrique	Buchanan
Aubrey	Bishop
Wilma	Park
Maria	Perez
Rogelio	Walker
Cedric	Bowman
Santos	Davis
Bobby	Schultz
Johnny	Curry
Chris	Long
Holly	Fitzgerald
Harriet	Myers
Irene	Sullivan
Margaret	Roy
Erik	Erickson
Cristina	Hopkins
Wallace	Schmidt
Rosemarie	Hansen
Ian	Hale
Megan	Nash
Rene	Arnold
Bernice	Fletcher
Geneva	Pope
Jaime	Aguilar
Neil	Ortiz
Angela	Thornton
Hazel	Hill
Arthur	Copeland
Bessie	Mendoza
Sarah	Warner
Emmett	Phillips
Ricardo	Mendez
Phillip	Norton
Lucas	Jefferson
Ismael	Diaz
Jesus	Harvey
Edwin	Rodgers
Brian	Tucker
Patricia	Oliver
Jacquelyn	Martinez
Darren	Schneider
Ira	Cross
Andrew	Gardner
Samantha	Reed
Preston	Pittman
Peter	Mckenzie
Suzanne	Sandoval
Kevin	Ramsey
Earl	Lindsey
Lee	Kelley
Ricky	Ingram
Eleanor	Norris
Pam	Gutierrez
Ernesto	Stephens
Rogelio	White
Nellie	Ortiz
Harriet	Valdez
Eleanor	Watson
Doug	Garner
Megan	Foster
Maria	Ford
Diane	Todd
Leland	Bass
Meghan	Roberson
Tracy	Cooper
Vicky	Berry
Leigh	Briggs
Emmett	Ruiz
Connie	Barnett
Gloria	Hale
Melba	Stevenson
Ruth	King
Zachary	Barton
Claire	Alexander
Kristen	Gordon
Virgil	Bradley
Eunice	Ward
Micheal	Vaughn
Edna	Hunter
Jonathan	Dunn
Kimberly	Webster
Samantha	Ramsey
Samuel	Ellis
Kayla	Gutierrez
Lorena	Stewart
Elsie	Underwood
Wilson	Miles
Ted	Barker
Dianne	Hudson
Rosalie	Jacobs
Jody	Chavez
Annette	Rodriquez
Jan	Gonzalez
Alexander	Gross
Dorothy	Burgess
Lorraine	Butler
Sadie	Shelton
Eddie	Manning
Erika	Curry
Dixie	Ross
Neil	Bowman
Janet	May
Marlene	Mccormick
Joshua	Barber
Hope	Olson
Al	Clark
Viola	Gonzales
Leah	Perez
Bill	Hines
Delia	Barnes
Carmen	Jensen
Santiago	Mcbride
Opal	Yates
Irene	Bush
Rudolph	Larson
Felicia	Tran
Jaime	Ramos
Eileen	Harvey
Sylvia	Daniels
Myron	Jimenez
Pearl	Pittman
Lula	Harrington
Crystal	Henderson
Elias	Ray
Alberta	Keller
Gladys	Schwartz
Aubrey	Mckinney
Frankie	Kennedy
Yolanda	Hoffman
Marshall	Casey
Francisco	Carson
Sue	Franklin
Seth	Carter
Lloyd	Kelly
Evelyn	Adams
Annie	Blair
Deanna	Houston
Jenna	Norman
Cesar	Cole
Delores	Hampton
Robin	Stanley
Ray	Byrd
Nettie	Rose
Reginald	Hansen
Danny	Dean
Salvador	Hopkins
Ed	Marshall
Patsy	Mccoy
Tami	Flores
Joey	Armstrong
Danielle	Ingram
Lori	Howell
Gabriel	Sharp
Jan	Drake
Melvin	Matthews
Luther	Bishop
Alison	Wheeler
Emmett	Conner
Jennifer	Walton
Dora	Hines
Zachary	Huff
Johanna	Blair
Eddie	Glover
Edwin	Carson
Tom	Ramos
Boyd	Long
Della	Nunez
Theodore	Hunt
Elias	Olson
Caleb	Fernandez
Gloria	Carlson
Jorge	Dawson
Howard	Ray
Sherri	Barber
Guillermo	Douglas
Ignacio	Silva
Helen	Gross
Benny	Massey
Earl	Palmer
Tracey	Goodman
Kathryn	Guerrero
Tomas	Wolfe
Glen	Barton
Lynette	Cross
Muriel	Casey
Charlene	Spencer
Archie	Carr
Hubert	Romero
Randall	Curtis
Opal	Mack
Alfredo	Schneider
Allen	Tran
Stacey	Collins
Grace	Johnston
Misty	Graves
Lydia	Stanley
Javier	Porter
Lori	Love
Robert	Paul
Warren	Burns
Laurence	Estrada
Mamie	Richards
Cecil	Wong
Hector	Walker
Jeanne	Buchanan
Lisa	Turner
Kelvin	Lopez
Sylvia	Harper
Carolyn	Pearson
Gayle	Day
Troy	Russell
Blanca	Poole
Nathaniel	Hanson
Amanda	Rivera
Celia	Webster
Darrin	Norris
Laverne	Franklin
Terence	Todd
Karla	Goodwin
Gregg	Scott
Sonya	Hammond
Jerald	Patrick
Frankie	Garner
Kimberly	Mcguire
Melissa	Boone
Sheldon	Lambert
Cameron	Maldonado
Madeline	Martin
Raul	Ball
Elaine	Perry
Kristine	Manning
Charles	Clarke
Ida	Tyler
Pamela	Greene
Sabrina	Green
Terry	Larson
Terrance	Murphy
Lela	Baldwin
Randal	Wilson
Natasha	Miller
Marcos	Foster
Ian	Stephens
Edmund	Hernandez
Marty	Soto
Janis	Shelton
Matthew	Peterson
Lila	Thornton
Jaime	Wade
Jermaine	Mullins
Albert	Pope
Dixie	Lamb
Carol	Parker
Kathy	Harmon
Bobbie	Cooper
Santiago	Henderson
Ruby	Bowers
Heather	Vega
Olga	Pope
Lynn	Ingram
Ramona	Powers
Irving	Chandler
Anne	Sullivan
Terence	Gonzalez
Dorothy	Rodriquez
Catherine	Dunn
Rodolfo	Thompson
Archie	Mclaughlin
Kristopher	Goodwin
Perry	Estrada
Drew	Kennedy
Peggy	Baldwin
Essie	Poole
Laurence	Mendoza
Rufus	Harrison
Jay	Mullins
Josh	Adkins
Adrienne	Carlson
Tasha	Medina
Franklin	Nash
Ryan	Little
Fred	French
Elisa	Reed
Lindsey	Jensen
Clifton	Sims
Caleb	Butler
Candace	Doyle
Luke	Jefferson
Betty	Frazier
Erica	Perkins
Domingo	Drake
Joan	Hardy
Tamara	Mcdonald
Glenn	Moore
Erik	Nelson
Tabitha	Thomas
Daisy	Gordon
Robin	Burns
Pete	Floyd
Ginger	Hayes
Elsie	Nguyen
Salvatore	Barber
Doug	Sparks
Lois	Saunders
Jacquelyn	Phelps
Wallace	Johnson
Randy	Snyder
Shannon	Rice
Loren	Mcbride
Russell	Jones
Darnell	Sutton
Dewey	Burke
Traci	Cohen
Terrell	Bass
Jean	Black
Kimberly	Alvarado
Derek	Gonzales
Fernando	Chambers
Gerard	Holland
Kenny	Briggs
Clinton	Shaw
Edwin	Neal
Mike	Page
Brandi	Armstrong
Lorene	Oliver
Angelica	Lewis
Randall	Rose
Rose	Nichols
Moses	Walton
Shelly	Davis
Benny	Leonard
Victoria	Davidson
Jody	Caldwell
Billie	King
Heidi	Simmons
Rosa	Peters
Miguel	Rios
Naomi	Lawson
Wilbur	Mckinney
Darrell	Knight
Michael	Wade
Javier	Curtis
Nichole	Cummings
Derrick	Moreno
Raquel	Morgan
Victor	Mcguire
Danielle	Padilla
Bernice	Morrison
Gustavo	Lyons
Jon	Salazar
Cary	Harvey
Noel	Wilson
Raymond	Flowers
Faye	Bowen
Nicholas	Carr
Natasha	Boyd
Robyn	Curry
Jackie	Cooper
Jimmy	Butler
Charles	Hopkins
Leroy	Warren
Stella	Higgins
Leonard	Logan
Shelia	Alexander
Gail	Brooks
Rodolfo	Sims
Hannah	Fernandez
Erick	Craig
Sabrina	Willis
Guadalupe	Mason
Jean	Jones
Erin	Coleman
Shane	Hoffman
Randy	Flores
Monique	Baker
Patrick	Lopez
Janice	Parsons
Eugene	Manning
Roderick	Waters
Alicia	Anderson
Luther	Houston
Trevor	Gonzales
Geoffrey	Franklin
John	Todd
Patty	Ross
Guillermo	Armstrong
Jonathon	Stephens
Deanna	Santos
Cassandra	Lynch
Rosie	Bowman
David	King
Antoinette	Collier
Raquel	Baldwin
Kelley	Tyler
Candace	Ramos
Beverly	Horton
Randall	Lamb
Rita	Morales
Isabel	Pena
Latoya	Vargas
Tony	Jennings
Clinton	Scott
Damon	Nguyen
Ebony	Fletcher
Stanley	Cox
Ian	Rodgers
Benjamin	Montgomery
Alexis	Rice
Pamela	Soto
Rickey	Schultz
Muriel	Cortez
Alton	Greene
Stuart	Hicks
Cristina	Kelly
Heather	Porter
Abel	Delgado
Alison	Knight
Janis	Goodman
Casey	Barton
Elvira	Simmons
Angelo	Allen
Jill	Gonzalez
Luz	Chapman
Opal	Brewer
Franklin	Lawson
Michael	Poole
Brandi	Ferguson
Sue	Meyer
Marvin	Hayes
Margie	Arnold
Lela	Flowers
Kristin	Gray
Dora	Hale
Mike	Hogan
Myron	Matthews
Felipe	Bradley
Juan	Barnes
Danielle	Elliott
Leland	Saunders
Alejandro	Erickson
Silvia	Ray
Willis	Tate
Daniel	Grant
Erma	Briggs
Carole	Hunt
Yvette	Wilkerson
Tabitha	Padilla
Emily	Fox
Dixie	Murphy
Jermaine	Ortiz
Jacqueline	Rodriguez
Angie	Warner
Eddie	Lane
Lee	Mcdaniel
Domingo	Anderson
Virgil	Wong
Eloise	Hunt
Sarah	Carson
Marlon	Martinez
Faith	Foster
Lori	Griffith
Salvatore	Sutton
Kristina	Higgins
Warren	Simpson
Dewey	Guzman
Carole	Peters
Kerry	Ryan
Leslie	Conner
Troy	Fernandez
Rafael	Quinn
Edgar	Goodman
Allan	Bowen
Gerard	Kennedy
Luke	Alvarado
Sherman	Norris
Mattie	Patrick
Karen	Lowe
Teresa	Newman
Sandy	Cain
Travis	Kim
Willie	Erickson
Sandra	Norman
Ada	Schultz
Terry	Morris
Bill	Taylor
Nellie	Lindsey
Timothy	Johnson
Mildred	Boyd
Noah	Little
Tabitha	Torres
Jamie	Yates
Loren	Phillips
Peggy	Reese
Emma	Soto
Lola	Wallace
Devin	White
Joshua	Goodwin
Jonathan	Keller
Joann	Waters
Joseph	Dean
Kay	Rodriguez
Kayla	Reynolds
Noel	Harris
Abel	Hicks
Renee	Baker
Angelo	Potter
Henrietta	Pearson
Marian	Hamilton
Brendan	Henderson
Dominick	Jackson
Clyde	Robertson
Lynda	Webster
Shawn	Vargas
Elmer	Wilkins
Jessica	Francis
Ben	Lamb
Milton	Haynes
Jamie	Willis
Celia	Howard
Gretchen	Gill
Bennie	Richards
Hazel	Brown
Walter	Walton
Erin	Franklin
Gerardo	Sherman
Ryan	Clarke
Orville	Castillo
Jay	Day
Cora	Hubbard
Marion	Graves
Kristi	Horton
Terrance	Fletcher
Martin	Gordon
Elena	Simon
Amy	George
Michael	Palmer
Arturo	Figueroa
Lisa	Hopkins
Adrian	Singleton
Cynthia	Carr
Jean	Joseph
Grady	Page
Lorraine	Coleman
Adam	Rivera
Jeffrey	Walker
Marco	Colon
Wayne	Walsh
Henry	Lewis
Ellen	Casey
Gayle	Andrews
Dana	Chapman
Sonja	Berry
Manuel	Martin
Hannah	Love
Toby	Barton
Kimberly	Barnett
Charlie	Wilkerson
Michelle	Barrett
Rochelle	Miller
Hilda	Payne
Charlene	Brooks
Hattie	Marshall
Alfredo	Woods
George	Dunn
Lindsay	Blake
Florence	Cortez
Pablo	Silva
Fannie	Hanson
Roderick	Steele
Katherine	Morrison
Leroy	Huff
Lucia	Mcgee
Miguel	Conner
Nellie	Robinson
Rita	Hall
Shannon	Rose
Ginger	Burgess
Evelyn	Yates
Irvin	Owens
Kristin	Mcdonald
Sabrina	Frazier
Rafael	Colon
Winifred	Keller
Betsy	Gardner
Cary	Morgan
Carla	Doyle
Chris	Fox
Tommie	Peters
Marion	Griffith
Jan	Howell
Virginia	Sherman
Philip	Blair
Jorge	Summers
Mario	Ross
Samantha	Reyes
Isaac	Murphy
Arturo	Garner
Emma	Wallace
Guillermo	Fields
Arthur	Allison
Alex	Wood
Guadalupe	Ortega
Craig	Jefferson
Nathaniel	Vaughn
Duane	Green
Johnny	Morton
Dana	Bowen
Amber	Houston
Edwin	Strickland
Nora	Bailey
Janet	Drake
Willie	Bowers
Vincent	Collier
Sherri	Parks
Lucas	Roy
Brandi	Webb
Taylor	Crawford
Virgil	Mullins
Erica	Mendoza
Jacob	Harrington
Sara	Jimenez
Matt	Copeland
Ivan	Lynch
Roy	Graham
Linda	Wheeler
Clint	Hunt
Carlos	Walters
Tricia	Bush
Jana	Ferguson
Amy	Shaw
Todd	Lane
Dixie	Patterson
Courtney	Love
Andres	Vasquez
Reginald	Wolfe
Darlene	Hudson
Eric	Moreno
Johanna	Thomas
Bruce	Robertson
May	Watson
Roxanne	Ruiz
Yolanda	Mason
Corey	Lawson
Katie	Cummings
Glen	Lowe
Jennifer	Weber
Kevin	Little
Sophia	Cunningham
Marlon	Manning
Herbert	Hansen
Frederick	Brewer
Don	Washington
Cynthia	Taylor
Gwendolyn	White
Blanche	Daniel
Max	Allen
Sylvester	Brown
Cynthia	Phelps
Isabel	Jensen
Brent	Jones
Ismael	Newton
Marcus	Ward
Rebecca	Pearson
Steve	Williams
Henry	Horton
Lance	Gonzalez
Sam	Fox
Myra	Moore
Ginger	Johnson
Christy	Cunningham
Amelia	Frank
Claude	Warner
Woodrow	Hicks
Tami	Harmon
Francisco	Smith
Ada	Gordon
Myron	Bradley
Maria	Grant
Traci	Payne
Van	Castro
Saul	Beck
Candace	Pittman
Clinton	Cox
Annie	Hill
Kristy	Watson
Marcia	Houston
Angel	Baker
Ellis	Salazar
Neal	Gibson
Matt	Gomez
Alejandro	Gibbs
Laurie	Chavez
Irving	Townsend
Emily	Lynch
Leo	Higgins
Theresa	Figueroa
Denise	Blake
Marlene	Warren
Doug	Willis
Vickie	Mccarthy
Israel	Harrison
Robert	Griffin
Harriet	Summers
Maryann	Lane
Mercedes	Mitchell
Rufus	Obrien
Naomi	Scott
Anthony	Farmer
Doreen	Pena
Mandy	Dixon
Lorena	Rodriguez
Jody	Shelton
Mae	Garner
Darlene	Kennedy
Christie	Joseph
Elijah	Massey
Jessie	Vasquez
Willard	Santos
Fernando	Carpenter
Geoffrey	Burke
Gregg	Fletcher
Martin	Watkins
Preston	Soto
Leland	Hodges
Bruce	Mann
Johnnie	Fernandez
Monica	Parsons
Ian	Bailey
Genevieve	Ellis
Annette	Baldwin
Jana	Stephens
Jill	Garrett
Doyle	Sanchez
Felix	Mckenzie
Diane	Robbins
Robyn	Luna
Sidney	Wells
Kimberly	Riley
Virginia	Morris
Evan	Marshall
Bobby	Wade
Corey	Torres
Louise	Padilla
Owen	Sanders
Rick	Walters
Walter	Doyle
Alfred	Gonzales
Yvonne	Oliver
Teri	Caldwell
Elsa	Wright
April	Keller
Luz	Howell
Eddie	Black
Jimmie	Norton
Ricky	Lamb
Wanda	Phillips
Jody	Fields
Sean	Peterson
Beverly	Huff
Emma	Pearson
Marco	May
Roderick	Ross
Julio	Bailey
Alison	Nguyen
Kim	Marsh
Ben	Austin
Sara	Cummings
Wesley	Christensen
Eleanor	Walton
Erika	Bowen
Larry	Jordan
Leah	Lowe
Terrell	Gardner
Sherman	James
Terry	Mason
Lydia	Wood
Guillermo	Nash
Janie	Brady
Shelley	Reed
Frederick	Andrews
Frances	Curtis
Mattie	Weber
Peggy	Grant
Alfred	Bates
Rhonda	Rice
Tonya	Mcguire
Dorothy	Gross
Rex	Hampton
Clinton	Perez
Philip	Martinez
Colleen	Rose
Marcella	Ramos
Nicolas	Frazier
Amy	Casey
Vicki	Jensen
Angelo	Lynch
Jesus	Ellis
Rick	Dennis
Albert	Flowers
Angel	Taylor
Juanita	Rodriguez
Vera	Herrera
Todd	Conner
Armando	Garza
Irma	Hart
Ismael	Steele
Vernon	Stokes
Patti	Howell
Blanca	Roy
Domingo	Gibbs
Victor	Shaw
Devin	Kennedy
Bobbie	Pratt
Delia	Reese
Jake	Lopez
Rodolfo	Floyd
Courtney	Torres
Troy	Simmons
George	Brock
Pat	Drake
Mack	Hansen
Cornelius	Anderson
Michelle	Tucker
Jared	French
Jessie	Miller
Yvette	Erickson
Stacy	Johnson
Gerald	Lane
Katherine	Tran
Karl	Mcdonald
Monica	Doyle
Gwendolyn	Woods
Damon	Reid
Lillie	Bishop
Morris	Rodriquez
Harry	Dunn
Marlene	Carter
Alejandro	Ray
Joel	West
Hubert	Chambers
Owen	Simpson
Rita	Luna
Lee	Hall
Cesar	Hoffman
Katrina	Reeves
Manuel	Roberts
Sheryl	Griffin
Marie	Moody
Tommie	Boyd
Malcolm	Walters
Allison	Bennett
Ignacio	Patrick
Madeline	Ward
Kari	Colon
Georgia	Parsons
Walter	Hunter
Patty	Rogers
Sonya	Mann
Monique	Snyder
Sherman	Jensen
Juanita	Hanson
Brooke	Dixon
Nicholas	Buchanan
Margarita	Gardner
Carol	Grant
Joseph	Lamb
Tony	Stokes
Tracy	Hart
Estelle	Mccarthy
Shawn	Christensen
Jerry	Goodman
Cory	Steele
Carlton	Banks
Taylor	Douglas
Mike	Flowers
Dana	Hogan
Ollie	Roberson
Olivia	Brewer
Roland	Harvey
Jean	Bridges
Angelina	Hughes
Bridget	Rios
Elmer	Nunez
Preston	Sutton
Morris	Fuller
Shaun	Russell
Faye	Swanson
Ernestine	Peters
Wilfred	Thornton
Erika	Bryan
Mercedes	Mccormick
Darnell	Bass
Helen	Cunningham
Patricia	Austin
Clifford	French
Angela	Francis
Gerardo	Mcbride
Pauline	Sanders
Alma	Freeman
Beverly	Walker
Karl	Goodwin
Floyd	Diaz
Bobby	Thompson
Leigh	West
Arthur	Greer
Carrie	Bush
Terrell	Oliver
Vicky	Sullivan
Myra	Sims
Lyle	Kelley
Jenna	Bennett
Tammy	Reed
Willis	Conner
Frances	Thomas
Stephanie	Pope
Ellen	Carr
Derrick	Owens
Bradley	Bryant
Cecil	Warren
Rolando	Horton
Fred	Myers
Duane	Larson
Lamar	Taylor
Larry	Phillips
Pat	Garner
Edwin	Alvarez
Kendra	Jennings
Jenny	Gutierrez
Nathaniel	Daniel
Carlos	Gray
Eileen	Knight
Merle	Chavez
Doreen	Miles
Jake	Nguyen
Salvador	Morrison
Caleb	Farmer
Blanche	James
Barbara	Copeland
Lauren	Baldwin
Chester	Colon
Gregg	Schultz
Johnnie	Moody
Rex	Parks
Ryan	Boone
Robyn	Dunn
Annie	Griffith
Ellis	Mills
Ebony	Alvarado
Eula	Casey
Clarence	Erickson
Pete	Wilkerson
Manuel	Beck
Dominic	Moss
Lynette	Carlson
Nettie	Burke
Annie	Burton
Paul	Watson
Pat	Barker
Sheryl	Wallace
Hugh	Park
Katherine	Salazar
Jeremiah	Butler
Ginger	Smith
Gilberto	Higgins
Rosa	Garcia
Oscar	Greene
Margie	Horton
Jody	Cole
Eric	Morgan
Lula	Christensen
Virginia	Griffith
Javier	Bishop
Florence	Schwartz
Terrence	Rios
Geoffrey	Ross
Ramon	Barber
Nicole	Duncan
Kara	Blake
Darlene	Wright
Wilma	Gill
Lucille	Bush
Christian	Collier
Alma	Baldwin
Edwin	Zimmerman
Alexis	Chapman
Jan	Stewart
Bethany	Cox
Beverly	Love
Shirley	Rogers
Jessie	Roberts
Gwendolyn	Rodriquez
Gerald	Holmes
Don	Massey
Hilda	Abbott
Miranda	Simmons
Cody	Yates
Kelli	Fox
Dennis	Chambers
Linda	Weber
Jaime	Burns
Anne	Wilkerson
Becky	Reese
Angela	Estrada
Essie	Robertson
Faith	Jefferson
Neil	Owens
Patsy	Hayes
Clifton	Underwood
Johnnie	Cortez
Mindy	Webster
Vivian	Beck
Rickey	Frazier
Shawn	Lawrence
Laurie	Rose
Ronald	Turner
Robert	Brewer
Julian	Williams
Janie	Houston
Bessie	Gonzalez
Sherry	Powers
Glenda	Ballard
Russell	Henderson
Mabel	Fuller
Jennie	Ford
Teresa	French
Rita	Conner
Willis	Mcgee
Meghan	Manning
Ben	Bradley
Mandy	Barrett
Brendan	Robinson
Kerry	Erickson
Connie	Stanley
Candace	Gordon
Nichole	Terry
Theodore	Hawkins
Jenna	Goodman
Erika	Austin
Bertha	Harvey
Jerry	Simpson
Jean	Stokes
Toby	Hogan
Regina	Mcdonald
Brittany	Taylor
Suzanne	Pearson
Elbert	Clark
Corey	Quinn
Roman	Hamilton
Patricia	Henry
Guillermo	Cross
Kelly	Leonard
Terrance	Davidson
Winston	Bates
Nathan	Holt
Cindy	Becker
Karla	Stanley
Israel	Ballard
Micheal	Marsh
Dianna	Fletcher
Nichole	Wolfe
Jay	Rodriguez
Elijah	Roy
Dan	Owen
Kim	Wong
Lauren	Phillips
Teri	Mendoza
Melody	Simpson
Erick	Sherman
Boyd	Perez
Homer	Henry
Diane	Hardy
Rodney	Barker
Cathy	Jones
Arturo	Farmer
Alonzo	French
Mack	Rogers
Kristina	Mendez
Kelly	Lawrence
Sharon	Chandler
Andy	Miles
Olivia	Payne
Betty	Potter
Jamie	Duncan
Angela	Bradley
Sonya	Ortega
Maureen	Carr
Garry	Jacobs
Viola	Hall
Doyle	Gutierrez
Maxine	Myers
Delores	Salazar
Al	Franklin
Guillermo	Stone
Lora	Padilla
Deanna	Vega
Lynne	Holloway
Robin	Wood
Paula	Cain
Danny	Oliver
Velma	Colon
Nettie	Gibbs
Wilfred	Weaver
Gilberto	Tucker
Tammy	Flores
Russell	Bowen
Lori	Reynolds
Darla	Dawson
Cora	Goodman
Geneva	Guerrero
Juana	Valdez
Andrew	Barrett
Clay	Neal
Carole	Ward
Guy	Sandoval
Sarah	Lloyd
Stanley	Nichols
Angelica	Miller
Edmund	Harrington
Mercedes	Pratt
Garrett	Hansen
Sidney	Jensen
Lorene	Briggs
Byron	Burke
Willie	Powers
Grady	Hopkins
Maurice	Banks
Herman	Manning
Don	Peterson
Joann	Hart
Darrin	Norris
John	Tyler
Tamara	Quinn
Jim	Robertson
Erik	Wells
Marta	Klein
Fannie	Garza
Agnes	Mcdonald
April	Moss
Anthony	Doyle
Joanna	Daniels
Wilbur	Bailey
Bruce	Swanson
Chelsea	Caldwell
Ignacio	Underwood
Irvin	Thomas
Elbert	Barnes
Julio	Wilkins
Vanessa	Vaughn
Tony	Holt
Faith	Brooks
Tomas	Martin
Terrance	Hogan
Leon	Armstrong
Vicky	May
Laverne	Brock
Cecilia	Cook
Terry	Hopkins
Grady	Vargas
Phyllis	Lloyd
Gary	Griffin
Ada	Rhodes
Julian	Patrick
Gloria	Lucas
Oscar	Ortiz
Cecil	Bass
Kari	Wolfe
Blanche	Obrien
Spencer	Ingram
Olive	Sherman
Julius	Cain
Sheryl	Floyd
Ryan	Martinez
Kay	Todd
Marc	Cobb
Lucy	Rivera
Marjorie	Allison
Dustin	Carpenter
Russell	Payne
Donna	Simpson
Jeremy	Garza
Joan	Williams
Myron	Summers
Vicki	Herrera
Katie	Jones
Karl	Brady
Dave	Lamb
Kelli	Rogers
Joy	Watts
Hilda	Lawrence
Kent	Houston
Neal	Hunter
Kevin	Lewis
Jared	Johnson
Dean	West
Jeffery	Walton
Sue	Tucker
Nicole	Maxwell
Charlene	Watson
Rosemary	Montgomery
Randy	Cunningham
Ramon	Shelton
Shannon	Adkins
Jon	Wagner
Penny	Bowen
Joe	Fox
Katrina	Neal
Connie	Sanders
Reginald	Bailey
Lionel	Holt
Maggie	Thomas
Peggy	Weaver
Lucille	Fields
Amber	Johnston
Sara	Brown
Kristina	Tate
Alexis	Sanchez
Kelley	Reeves
Jessie	Hernandez
Frances	Holmes
Tracy	Gomez
Rene	Romero
April	Spencer
Lester	Huff
Freda	Patton
Carole	Terry
Clay	Burns
Cindy	Coleman
Betsy	Mcdaniel
Eunice	Drake
Elaine	Mitchell
Caleb	Casey
Pam	Kennedy
Ashley	Tyler
Geoffrey	Mckenzie
Johnathan	Copeland
Julie	Ward
Kara	Walker
Ron	Holland
Stuart	Hudson
Jeanne	Jimenez
Sandy	Doyle
Jacquelyn	Mccarthy
Bertha	Gardner
Herbert	Carlson
Benjamin	Mcbride
Olivia	Turner
Nathaniel	Morton
Teri	Robinson
Lynette	Mclaughlin
Arthur	Zimmerman
Paulette	Ford
Toni	Holloway
Andre	Hubbard
Dana	Mendoza
Andrea	Townsend
Ronnie	Carr
Olivia	Simmons
Cynthia	Rios
Sylvester	Sutton
Vincent	Jefferson
Melody	Barber
Gregory	Diaz
Karla	Joseph
Bernadette	French
Edward	Zimmerman
Eunice	Rhodes
Alfredo	Snyder
Gerard	Gibbs
Pedro	Wolfe
Ira	Patterson
Angel	Paul
Jordan	Richardson
Vera	Cross
Josephine	King
Terri	Mccormick
Sandy	Garrett
Anna	Buchanan
Perry	Sims
Sadie	Holmes
Edgar	Harvey
Margie	Ferguson
Olga	Hampton
Helen	Cortez
Marc	Hubbard
Jack	Ingram
Angie	Howell
Charles	Houston
Barbara	Clark
Nelson	Colon
Sophie	Page
Cheryl	Wallace
Randall	Hopkins
Ramiro	Henderson
Terence	Sandoval
Lloyd	Mcdonald
Pauline	Stevenson
Lonnie	Rivera
Cedric	Santos
Albert	Mack
Dolores	Briggs
Courtney	Price
Vickie	Keller
Gail	Cohen
Wm	Nguyen
Gloria	Castro
Paula	Mendez
Joseph	Goodwin
Owen	Mcbride
Christie	Ortiz
Arlene	Roberts
Abel	Lee
Roxanne	Sparks
Lola	Reyes
Andre	Chandler
Sherry	Rice
Marian	Garcia
Toby	Stone
Becky	Edwards
Laverne	Hogan
Cornelius	White
Johnnie	Powers
Katie	Phillips
Marty	Norton
Rafael	Pearson
Tammy	Williamson
Rogelio	Wilkins
Timmy	Hardy
Maureen	Evans
Salvatore	Curtis
April	Francis
Allen	Jordan
Trevor	Pierce
Ebony	Brady
Denise	Moran
Michele	Aguilar
Darnell	Santiago
Kristy	Williams
Lana	Ross
Lila	Reese
Lee	Gordon
Ellis	Blair
Guy	Duncan
Gretchen	Malone
Malcolm	Smith
Latoya	Green
Benny	Owens
Nellie	Peterson
Kevin	Hansen
Maria	Ford
Alfred	Mccoy
Clarence	Patton
Wilson	Pratt
Walter	Hill
Rosa	Reeves
Lindsey	Walton
Stanley	Mason
Noel	Black
Ramiro	Castillo
Peter	Brady
Bert	Briggs
Clara	Gordon
Pat	Doyle
Winston	Wallace
Jody	Owen
Dallas	Gray
Olive	Mills
Travis	Murphy
Duane	Coleman
Emilio	Simmons
Kara	Welch
Irving	Mcdonald
Francisco	Sullivan
Mathew	Olson
Jason	Webb
Natalie	Parks
Leland	White
Bradley	Summers
Cary	Hill
Carrie	Powers
Ervin	Barnett
Beth	Hogan
Kay	Allen
Chad	Ferguson
Terrell	Morrison
Hope	Phillips
Moses	Caldwell
Vivian	Long
Molly	Houston
Tamara	Barnes
Wendy	Guzman
Leroy	Washington
Kent	French
Amos	Floyd
Dianna	Shelton
Marcia	Graves
Darlene	Jordan
Ruben	Pratt
Jean	Watkins
Randall	Gutierrez
Dale	Russell
Ernest	Jenkins
Salvatore	Lewis
Christian	Mendez
Whitney	Rios
Danielle	Hopkins
Ana	Schneider
Timmy	Sims
Claude	Fowler
Jeremiah	Wells
Wilbur	Parker
Ricky	Reid
Cecelia	Lindsey
Henrietta	Martinez
Darin	Love
Lauren	Norton
Elena	Colon
Vicky	Gonzalez
Ronnie	Marsh
Tabitha	Ward
Joseph	Klein
Ryan	Ingram
Sylvester	Wood
Francis	Ortega
Florence	Dennis
Michael	Logan
Irvin	Nelson
Curtis	Page
George	Wilkerson
Theodore	Lawson
Antonia	Jackson
Dixie	Hubbard
Guadalupe	Hicks
Elsie	Spencer
Franklin	Hunt
Damon	Howell
Myra	Sanders
Lois	Osborne
Armando	Freeman
Jody	Morton
Freda	Mccoy
Merle	Kim
Cheryl	Baldwin
Corey	Peterson
Kellie	Keller
Josefina	Fisher
Harry	Curtis
Johnathan	Walker
Chester	Norris
Jesse	Schmidt
Janice	Foster
Flora	Price
Jacqueline	Evans
Lee	Vargas
Pauline	Buchanan
Martin	Wallace
Gretchen	Maldonado
Elias	Patton
Anna	Edwards
Clifford	Salazar
Wendell	King
Bert	Cruz
Janis	Garza
Spencer	Shelton
Alberta	Sanchez
Stacy	Dunn
Catherine	Patterson
Muriel	Stephens
Morris	Howell
Rosemary	Ramos
Sergio	Todd
Camille	Richardson
Joel	Glover
Lonnie	Cannon
Hazel	Daniel
Jodi	Fox
Clayton	Nguyen
Samuel	Ramirez
Kristi	Gregory
Amanda	Green
Donald	Mason
Percy	Steele
Estelle	Bowers
Claude	Mathis
Ian	Smith
Leland	Mendoza
Simon	Bishop
Matt	Jennings
Dan	Underwood
Myrtle	Jensen
Dean	Matthews
Salvador	Hubbard
Joyce	Lucas
Tamara	Mitchell
Kathleen	Brooks
Rose	Stanley
Olivia	Webb
Vicky	Murphy
Clyde	Hogan
Francis	Gross
Rene	Rivera
Maxine	Rose
Essie	Cook
Sarah	Guerrero
Clara	Martin
Elbert	Swanson
Gertrude	Wood
Allen	Stevens
Abraham	Hill
Barbara	Black
Karla	Bowen
Merle	Curry
Freda	Mccarthy
Israel	Pratt
Jeff	Farmer
Leroy	Obrien
Ross	Nichols
Chelsea	Doyle
Damon	White
Cecil	Burton
Allan	Jimenez
Antoinette	Gordon
Carroll	Schneider
Craig	Valdez
Meghan	Hart
Guadalupe	Mcbride
Whitney	Lindsey
Ginger	Thomas
Judith	Riley
Rudy	Bowman
Sherry	Graham
Marshall	Hansen
Janet	Gibbs
Terrence	Romero
Miranda	Silva
Susan	Boyd
Leona	Gomez
Helen	Larson
Bethany	Palmer
Joe	Watts
Anne	Phelps
Cornelius	Wade
Jaime	Hampton
Wesley	Craig
Lynette	Perry
Toby	Watkins
Lamar	Watson
Dennis	Becker
Jessica	Bennett
Kathy	Roberson
Orville	Terry
Blanca	Elliott
Cassandra	Olson
Gabriel	Hawkins
Jaime	Lowe
Ron	Hamilton
Katrina	Ford
Sammy	Nichols
Jeff	Myers
Shirley	Rodgers
Thelma	Hayes
Simon	Copeland
Monica	Hammond
Ernesto	Rivera
Kara	Barber
Sonya	Davidson
Virgil	Roberson
Guadalupe	Bowen
Isabel	Moreno
Roger	Greene
Grant	Silva
Dennis	Glover
Louis	Alvarez
Carla	Pittman
Wade	Hines
Jerald	Hughes
Helen	Ellis
Roxanne	Mcbride
Maria	Clarke
Shawn	Sutton
Misty	Nelson
Yvette	Ramos
Flora	Doyle
Bruce	Hanson
Drew	Hill
Emanuel	Briggs
Sidney	Dennis
Neil	Parsons
Gilbert	Cross
Vera	Garner
Manuel	Gardner
Ramon	Cannon
Heidi	Gibson
Karla	Flores
Eula	French
Jenny	Blair
Kendra	Barker
Brad	Roberts
Fredrick	Hampton
Lydia	Cortez
Clark	Harvey
Cory	Lewis
Jeffery	Mcguire
Ann	Steele
Ted	Powers
Jennie	Obrien
Kristy	Wise
Sonja	Rogers
Wendy	Leonard
Judith	Carson
Holly	Ward
Erica	Warren
Maryann	Kelly
Tamara	Simon
Verna	Santiago
Kelly	Jackson
Margie	Patton
Pat	Gray
Charles	Bailey
Paul	Moody
Joanna	Palmer
Rolando	Freeman
Jacquelyn	Kim
Jean	Marshall
Stewart	Gross
John	Weaver
Joseph	Boone
Ken	Bush
Dominick	Pierce
Boyd	Terry
Alex	Craig
Marian	Stokes
Dave	Robbins
Dallas	Owen
Domingo	Gill
Norma	Park
Elsie	Mann
Marshall	Hansen
Ralph	Gibbs
Shaun	Burke
Tom	Sims
Jacqueline	Mason
Debbie	Dean
Richard	Boyd
Roman	Mclaughlin
Zachary	Wright
Sarah	Greer
Sheri	Foster
Angela	Wagner
Max	Parker
Randy	Bridges
Jeanne	Klein
Paulette	Hudson
Omar	Anderson
Horace	Sanders
Geoffrey	Chavez
Seth	Mccarthy
Robin	Willis
Jessie	Collier
Brandi	Osborne
Jose	Parsons
Gloria	Daniels
Gina	Davidson
Joseph	Higgins
Misty	Stone
Olga	Williamson
Darin	Caldwell
Heidi	Schultz
Neal	Clayton
Hope	Cook
Terry	Crawford
Justin	Sullivan
Cesar	Torres
Jesse	Santos
Jamie	Adams
Caleb	Adkins
Boyd	Weaver
Terence	Abbott
Alma	Peters
Pauline	Baker
Beverly	Horton
Lula	Ramos
Viola	Clarke
Edgar	Hamilton
Wanda	Cross
Louis	Brown
Gayle	Bridges
Aubrey	Norman
Nathaniel	Reese
Jody	Hardy
Domingo	Nash
Guy	Potter
Felipe	Kennedy
Sherman	Peterson
Pat	Watson
Devin	Chandler
Sheryl	Owen
Joel	Lawson
Morris	Wright
Gwen	Andrews
Gerald	Woods
Toby	Stevens
Mattie	Rodriquez
Doyle	Glover
Robyn	Reyes
Salvatore	Walton
Alexander	Montgomery
Michele	Nguyen
Dianna	Hoffman
Donna	Russell
Melba	Palmer
Mandy	Hayes
Vera	Mathis
Lindsay	Bryan
Dorothy	Robbins
Amy	Lucas
Roberta	Swanson
Kari	Newton
Raquel	Houston
Earnest	Delgado
Candice	Garza
Nathan	Flores
Ada	Luna
Theodore	Page
Whitney	Arnold
Lamar	Bass
Bernard	Wong
Ernestine	Christensen
Kenny	Strickland
Eloise	Hale
Jesus	Holland
Laverne	Long
Kate	Gonzalez
Kelley	Rodgers
Monica	Cole
Bryan	Lynch
Aaron	Neal
Cindy	Bailey
Loretta	Mcbride
Elena	Gomez
Otis	Carson
Leona	Maldonado
Gerard	Francis
Clifton	Pratt
Jerry	Nichols
Julie	Romero
Marcella	Nunez
Jan	Casey
Ryan	Quinn
Megan	Schmidt
Tiffany	Ortiz
Leland	Gilbert
Darrin	Mcdonald
Jim	Barber
Andrew	Rios
Sophia	Steele
Jesus	Phillips
Glen	Parsons
Kristy	Mcgee
Ebony	Phelps
Margie	Frazier
Floyd	Perez
Kayla	Schneider
Janis	Webster
Merle	Andrews
Gilbert	Duncan
Courtney	Ray
Cedric	Lambert
Heidi	Alvarez
Nathan	Barker
Christy	Goodman
Jaime	Lucas
Kristina	Clark
Wilma	Ellis
Jesse	Sullivan
Ginger	James
Randy	Brady
Wallace	Castro
Nadine	Arnold
Nancy	Underwood
Jeremy	Maldonado
Luis	Cohen
Blanca	Bowman
Doreen	Neal
Meghan	Bryan
Ann	Huff
Patti	Potter
Jerry	Cortez
Kyle	Griffin
Cameron	Mathis
Maryann	Benson
Allison	Cobb
Wilbur	Jones
Kristopher	Stevens
Edmund	Parks
Derrick	Bridges
Gordon	Hogan
Byron	Carr
Alma	Miles
Renee	Cooper
Leigh	Paul
Edgar	Wade
Irene	Hall
Becky	Fox
Freddie	Dunn
Kenny	Hawkins
Tara	Stanley
Alfredo	Brock
Leonard	Mills
Genevieve	Santos
Israel	Wheeler
Cecil	Klein
Joseph	Oliver
Neil	Pratt
Carl	Walker
Tami	Allen
Julia	Mclaughlin
Antonio	Webb
Molly	Collier
Benny	Becker
Belinda	Morton
Erika	Willis
Delores	Page
Edward	Reed
Ramona	Reid
Matt	Wilson
Jacquelyn	Glover
Claudia	Olson
Theresa	Welch
Eula	Schultz
Ellis	Mendoza
Sharon	Goodwin
Ron	Casey
Marsha	Lynch
Sylvester	Robinson
Bernard	Christensen
Lydia	Jordan
Shaun	Curry
Misty	Quinn
Gladys	Gill
Lloyd	Roberts
Ruth	Woods
Timothy	May
Mercedes	Ingram
Willie	Freeman
Marshall	Ruiz
Bryan	Hicks
Sally	Mcdaniel
Arlene	Hamilton
Lindsay	Schwartz
Matthew	Copeland
Elias	West
Melody	Malone
Nichole	Vaughn
Dave	Swanson
Albert	Hall
Lillian	Delgado
Vivian	Warren
Kerry	Dawson
Gary	Fitzgerald
Audrey	Hunt
Essie	Nash
Jeremy	Fox
Carolyn	Goodwin
Brendan	Vargas
Karl	Frazier
Bobby	Houston
Brooke	Lane
Christopher	Fletcher
Kristy	Garrett
Nathaniel	Barber
Owen	Bass
Lamar	Baldwin
Roland	Bennett
Cora	Knight
Kendra	Mcdaniel
Sonja	Guerrero
Peter	Drake
Angelica	Wagner
Jean	Becker
Lindsey	Weber
Lucas	Rodriguez
Beth	Hampton
Forrest	Vaughn
Lana	Carson
Sandy	Hogan
Walter	Briggs
Sonya	Scott
Eleanor	Wright
Darrell	Banks
Margaret	Dixon
Bernadette	Oliver
Heidi	Watts
Dean	Garner
Gerardo	Cobb
Jimmy	Guzman
Betty	Castro
Pete	Franklin
Sophie	Cox
Joel	Carpenter
Luz	Snyder
Julio	Carter
Kevin	Klein
Larry	Malone
Sheila	Jackson
Christian	Wilson
Stuart	Bryan
Horace	Ramsey
Alan	Lee
Reginald	Fuller
Roosevelt	Wilkerson
Latoya	Wells
Ronnie	Steele
Loretta	Hart
Chester	Moss
Annette	Collins
Stacey	Caldwell
Janice	Simpson
Dave	Figueroa
Janet	Wallace
Joseph	Chandler
Lynn	Allen
Stephen	Rodgers
Kara	May
Tiffany	Sparks
Todd	Rios
Mitchell	Hughes
Ana	Roy
Mattie	Thompson
Bernice	Hammond
Dawn	Stanley
Laura	Castillo
Bert	Willis
Alexander	Mccoy
Gladys	Bailey
Emma	Simon
Eloise	Adams
Courtney	Nunez
Erik	Moore
Joanna	Patterson
Ralph	Vega
Darrin	Reeves
Freda	Lynch
Pat	Ford
Douglas	Luna
Kimberly	Colon
Darin	Wheeler
Malcolm	Ellis
Bonnie	Bridges
Colleen	Berry
Ross	Ruiz
Laurie	Burns
Alicia	Stewart
Erma	Lucas
Hector	Marsh
